"customer_id";"first_name";"last_name";"email";"phone";"password_hash";"created_at"
501;"Bachittar";"Sanghvi";"bachittar.sanghvi.1@gmail.com";"+918454155475";"$2b$10$dummyhash00000000000000000001";"2026-07-24 04:41:09"
502;"Vasudha";"Aurora";"vasudha.aurora.2@gmail.com";"+918482883256";"$2b$10$dummyhash00000000000000000002";"2026-08-11 11:42:09"
503;"Samuel";"Shere";"samuel.shere.3@gmail.com";"+919493188185";"$2b$10$dummyhash00000000000000000003";"2025-04-10 09:30:09"
504;"Vyanjana";"Mall";"vyanjana.mall.4@gmail.com";"+919481581187";"$2b$10$dummyhash00000000000000000004";"2026-03-15 16:38:09"
505;"Naveen";"Banerjee";"naveen.banerjee.5@gmail.com";"+918104901561";"$2b$10$dummyhash00000000000000000005";"2025-09-25 15:56:09"
506;"Vrishti";"Narang";"vrishti.narang.6@gmail.com";"+919202098662";"$2b$10$dummyhash00000000000000000006";"2025-08-22 16:45:09"
507;"Faqid";"Krish";"faqid.krish.7@gmail.com";"+919694363523";"$2b$10$dummyhash00000000000000000007";"2026-04-05 22:49:09"
508;"Jalsa";"Basu";"jalsa.basu.8@gmail.com";"+917638985225";"$2b$10$dummyhash00000000000000000008";"2025-06-21 08:19:09"
509;"Osha";"Dewan";"osha.dewan.9@gmail.com";"+918898951949";"$2b$10$dummyhash00000000000000000009";"2025-12-01 04:00:09"
510;"Isha";"Raj";"isha.raj.10@gmail.com";"+918945752670";"$2b$10$dummyhash00000000000000000010";"2025-10-19 20:48:09"
511;"Oviya";"Mander";"oviya.mander.11@gmail.com";"+916571136778";"$2b$10$dummyhash00000000000000000011";"2025-05-16 10:43:09"
512;"Adweta";"Shan";"adweta.shan.12@gmail.com";"+918634218640";"$2b$10$dummyhash00000000000000000012";"2025-08-07 16:34:09"
513;"Owen";"Mitter";"owen.mitter.13@gmail.com";"+916017416711";"$2b$10$dummyhash00000000000000000013";"2025-12-28 13:59:09"
514;"Janani";"Deol";"janani.deol.14@gmail.com";"+919906651747";"$2b$10$dummyhash00000000000000000014";"2025-10-20 00:48:09"
515;"Tanmayi";"Khatri";"tanmayi.khatri.15@gmail.com";"+919315953022";"$2b$10$dummyhash00000000000000000015";"2025-12-24 07:29:09"
516;"Ria";"Prashad";"ria.prashad.16@gmail.com";"+918357860530";"$2b$10$dummyhash00000000000000000016";"2025-05-22 04:41:09"
517;"Chaitanya";"Agrawal";"chaitanya.agrawal.17@gmail.com";"+916279147864";"$2b$10$dummyhash00000000000000000017";"2024-10-26 23:51:09"
518;"Warinder";"Desai";"warinder.desai.18@gmail.com";"+919625244021";"$2b$10$dummyhash00000000000000000018";"2025-03-31 12:18:09"
519;"Robert";"Mitter";"robert.mitter.19@gmail.com";"+916963356730";"$2b$10$dummyhash00000000000000000019";"2025-06-30 11:09:09"
520;"Jasmit";"Khatri";"jasmit.khatri.20@gmail.com";"+916136350985";"$2b$10$dummyhash00000000000000000020";"2025-04-05 08:19:09"
521;"Dipta";"Seshadri";"dipta.seshadri.21@gmail.com";"+918605658799";"$2b$10$dummyhash00000000000000000021";"2024-10-22 15:37:09"
522;"Rajata";"Singhal";"rajata.singhal.22@gmail.com";"+919969699439";"$2b$10$dummyhash00000000000000000022";"2026-06-05 13:47:09"
523;"Dhruv";"Nair";"dhruv.nair.23@gmail.com";"+918436257803";"$2b$10$dummyhash00000000000000000023";"2025-08-07 23:02:09"
524;"Yachana";"Dugar";"yachana.dugar.24@gmail.com";"+916484969234";"$2b$10$dummyhash00000000000000000024";"2026-05-20 04:01:09"
525;"Udarsh";"Sachar";"udarsh.sachar.25@gmail.com";"+919467970294";"$2b$10$dummyhash00000000000000000025";"2026-02-12 06:44:09"
526;"William";"Bansal";"william.bansal.26@gmail.com";"+917778463616";"$2b$10$dummyhash00000000000000000026";"2025-05-27 10:28:09"
527;"Azad";"Taneja";"azad.taneja.27@gmail.com";"+917179842093";"$2b$10$dummyhash00000000000000000027";"2026-04-01 22:38:09"
528;"Charvi";"Bora";"charvi.bora.28@gmail.com";"+916766481601";"$2b$10$dummyhash00000000000000000028";"2026-04-26 09:42:09"
529;"Faris";"Doctor";"faris.doctor.29@gmail.com";"+917299528385";"$2b$10$dummyhash00000000000000000029";"2026-03-10 20:30:09"
530;"Leena";"Prasad";"leena.prasad.30@gmail.com";"+919526407276";"$2b$10$dummyhash00000000000000000030";"2026-03-01 12:41:09"
531;"Mason";"Chowdhury";"mason.chowdhury.31@gmail.com";"+919319362662";"$2b$10$dummyhash00000000000000000031";"2025-09-05 07:44:09"
532;"Gopal";"Sathe";"gopal.sathe.32@gmail.com";"+916960636741";"$2b$10$dummyhash00000000000000000032";"2026-08-21 00:26:09"
533;"Ojas";"Halder";"ojas.halder.33@gmail.com";"+916187573865";"$2b$10$dummyhash00000000000000000033";"2025-09-21 07:56:09"
534;"Ikshita";"Sant";"ikshita.sant.34@gmail.com";"+916343275405";"$2b$10$dummyhash00000000000000000034";"2025-12-01 03:46:09"
535;"Oeshi";"Sehgal";"oeshi.sehgal.35@gmail.com";"+918503317276";"$2b$10$dummyhash00000000000000000035";"2026-03-17 05:13:09"
536;"Yatan";"Maharaj";"yatan.maharaj.36@gmail.com";"+919734669679";"$2b$10$dummyhash00000000000000000036";"2025-04-05 20:14:09"
537;"Luke";"Vig";"luke.vig.37@gmail.com";"+917036840490";"$2b$10$dummyhash00000000000000000037";"2025-03-07 09:38:09"
538;"Pranav";"Dar";"pranav.dar.38@gmail.com";"+918072727796";"$2b$10$dummyhash00000000000000000038";"2024-12-18 03:07:09"
539;"Amara";"Shah";"amara.shah.39@gmail.com";"+916714291923";"$2b$10$dummyhash00000000000000000039";"2025-04-11 20:42:09"
540;"Chasmum";"Gala";"chasmum.gala.40@gmail.com";"+919856830654";"$2b$10$dummyhash00000000000000000040";"2025-07-12 13:45:09"
541;"Owen";"Goda";"owen.goda.41@gmail.com";"+918324833549";"$2b$10$dummyhash00000000000000000041";"2025-01-05 06:37:09"
542;"Varsha";"Palan";"varsha.palan.42@gmail.com";"+917665675374";"$2b$10$dummyhash00000000000000000042";"2025-04-11 20:01:09"
543;"Falak";"Saran";"falak.saran.43@gmail.com";"+918399684258";"$2b$10$dummyhash00000000000000000043";"2025-06-01 14:45:09"
544;"Udarsh";"Ahluwalia";"udarsh.ahluwalia.44@gmail.com";"+919560813630";"$2b$10$dummyhash00000000000000000044";"2026-07-21 17:43:09"
545;"Caleb";"Narula";"caleb.narula.45@gmail.com";"+918299604746";"$2b$10$dummyhash00000000000000000045";"2026-06-21 16:49:09"
546;"Ekaja";"Kibe";"ekaja.kibe.46@gmail.com";"+916398329903";"$2b$10$dummyhash00000000000000000046";"2026-03-24 14:33:09"
547;"Fariq";"Lala";"fariq.lala.47@gmail.com";"+917950251572";"$2b$10$dummyhash00000000000000000047";"2025-04-17 13:42:09"
548;"Sara";"Ravel";"sara.ravel.48@gmail.com";"+919702418786";"$2b$10$dummyhash00000000000000000048";"2025-06-06 01:12:09"
549;"Nathan";"Ramakrishnan";"nathan.ramakrishnan.49@gmail.com";"+917920226055";"$2b$10$dummyhash00000000000000000049";"2025-09-08 18:55:09"
550;"Warhi";"Khurana";"warhi.khurana.50@gmail.com";"+919856629514";"$2b$10$dummyhash00000000000000000050";"2025-05-14 04:50:09"
551;"Anita";"Venkatesh";"anita.venkatesh.51@gmail.com";"+918789706325";"$2b$10$dummyhash00000000000000000051";"2025-03-12 02:02:09"
552;"Vasudha";"Tata";"vasudha.tata.52@gmail.com";"+919176735038";"$2b$10$dummyhash00000000000000000052";"2025-12-26 07:32:09"
553;"Dev";"Ganesan";"dev.ganesan.53@gmail.com";"+916141302648";"$2b$10$dummyhash00000000000000000053";"2026-02-06 21:14:09"
554;"Vrishti";"Shenoy";"vrishti.shenoy.54@gmail.com";"+918527710935";"$2b$10$dummyhash00000000000000000054";"2025-01-13 21:41:09"
555;"Nandini";"Deshpande";"nandini.deshpande.55@gmail.com";"+916106956690";"$2b$10$dummyhash00000000000000000055";"2026-04-29 08:44:09"
556;"Osha";"Palla";"osha.palla.56@gmail.com";"+919655939081";"$2b$10$dummyhash00000000000000000056";"2025-12-16 19:53:09"
557;"Lipika";"Suri";"lipika.suri.57@gmail.com";"+919816857974";"$2b$10$dummyhash00000000000000000057";"2026-05-27 16:33:09"
558;"Noah";"Sastry";"noah.sastry.58@gmail.com";"+919921728829";"$2b$10$dummyhash00000000000000000058";"2025-02-09 14:19:09"
559;"Hardik";"Sagar";"hardik.sagar.59@gmail.com";"+917226151882";"$2b$10$dummyhash00000000000000000059";"2026-03-12 20:41:09"
560;"Balendra";"Agate";"balendra.agate.60@gmail.com";"+916606765211";"$2b$10$dummyhash00000000000000000060";"2025-08-21 22:46:09"
561;"Reva";"Wason";"reva.wason.61@gmail.com";"+919949564629";"$2b$10$dummyhash00000000000000000061";"2026-02-11 07:00:09"
562;"Dhruv";"Bedi";"dhruv.bedi.62@gmail.com";"+916342505075";"$2b$10$dummyhash00000000000000000062";"2024-12-29 11:44:09"
563;"Inaya";"Chanda";"inaya.chanda.63@gmail.com";"+916892076143";"$2b$10$dummyhash00000000000000000063";"2026-05-19 20:52:09"
564;"Max";"Chopra";"max.chopra.64@gmail.com";"+919811929283";"$2b$10$dummyhash00000000000000000064";"2025-05-08 18:23:09"
565;"Sudiksha";"Sundaram";"sudiksha.sundaram.65@gmail.com";"+918986019289";"$2b$10$dummyhash00000000000000000065";"2025-03-09 18:44:09"
566;"Liam";"Shanker";"liam.shanker.66@gmail.com";"+917922523153";"$2b$10$dummyhash00000000000000000066";"2024-10-14 18:36:09"
567;"Rajata";"Thaker";"rajata.thaker.67@gmail.com";"+916895529276";"$2b$10$dummyhash00000000000000000067";"2025-11-26 22:48:09"
568;"Sanya";"Oza";"sanya.oza.68@gmail.com";"+916497904680";"$2b$10$dummyhash00000000000000000068";"2024-11-21 22:11:09"
569;"Aashi";"Shanker";"aashi.shanker.69@gmail.com";"+916900198336";"$2b$10$dummyhash00000000000000000069";"2025-06-17 22:45:09"
570;"Pallavi";"Narasimhan";"pallavi.narasimhan.70@gmail.com";"+919757790414";"$2b$10$dummyhash00000000000000000070";"2025-07-30 21:59:09"
571;"Zinal";"Virk";"zinal.virk.71@gmail.com";"+916301389312";"$2b$10$dummyhash00000000000000000071";"2025-06-19 15:19:09"
572;"Mitesh";"Khanna";"mitesh.khanna.72@gmail.com";"+916237296076";"$2b$10$dummyhash00000000000000000072";"2025-09-04 09:48:09"
573;"Ekantika";"Bali";"ekantika.bali.73@gmail.com";"+917962257877";"$2b$10$dummyhash00000000000000000073";"2025-06-18 11:31:09"
574;"Rohan";"Srinivas";"rohan.srinivas.74@gmail.com";"+919218846654";"$2b$10$dummyhash00000000000000000074";"2025-11-10 03:27:09"
575;"Aryan";"Dada";"aryan.dada.75@gmail.com";"+917262726533";"$2b$10$dummyhash00000000000000000075";"2025-03-26 02:39:09"
576;"Chaman";"Saran";"chaman.saran.76@gmail.com";"+919899986272";"$2b$10$dummyhash00000000000000000076";"2025-11-30 05:43:09"
577;"Yatin";"Mann";"yatin.mann.77@gmail.com";"+918746626987";"$2b$10$dummyhash00000000000000000077";"2025-09-11 06:25:09"
578;"Gaurav";"Batra";"gaurav.batra.78@gmail.com";"+917189966943";"$2b$10$dummyhash00000000000000000078";"2025-04-19 03:17:09"
579;"Hitesh";"Mangal";"hitesh.mangal.79@gmail.com";"+918048734154";"$2b$10$dummyhash00000000000000000079";"2025-01-02 03:06:09"
580;"Nicholas";"Sood";"nicholas.sood.80@gmail.com";"+918961975656";"$2b$10$dummyhash00000000000000000080";"2025-02-19 18:48:09"
581;"Lohit";"Patel";"lohit.patel.81@gmail.com";"+919440685291";"$2b$10$dummyhash00000000000000000081";"2025-07-08 12:33:09"
582;"Nandini";"Handa";"nandini.handa.82@gmail.com";"+917785607786";"$2b$10$dummyhash00000000000000000082";"2025-01-26 15:33:09"
583;"Inaya";"Gopal";"inaya.gopal.83@gmail.com";"+919639067924";"$2b$10$dummyhash00000000000000000083";"2025-10-17 17:34:09"
584;"Fariq";"Hayer";"fariq.hayer.84@gmail.com";"+917407313596";"$2b$10$dummyhash00000000000000000084";"2024-10-28 08:07:09"
585;"Pooja";"Johal";"pooja.johal.85@gmail.com";"+919180174688";"$2b$10$dummyhash00000000000000000085";"2025-07-15 22:48:09"
586;"Gopal";"Morar";"gopal.morar.86@gmail.com";"+917212563957";"$2b$10$dummyhash00000000000000000086";"2024-12-14 12:56:09"
587;"Ubika";"Vig";"ubika.vig.87@gmail.com";"+916723832532";"$2b$10$dummyhash00000000000000000087";"2025-10-15 14:36:09"
588;"Pallavi";"Sem";"pallavi.sem.88@gmail.com";"+919395484043";"$2b$10$dummyhash00000000000000000088";"2026-07-03 10:35:09"
589;"Sathvik";"Lata";"sathvik.lata.89@gmail.com";"+919199375674";"$2b$10$dummyhash00000000000000000089";"2026-06-12 04:59:09"
590;"Janya";"D’Alia";"janya.dalia.90@gmail.com";"+918446110415";"$2b$10$dummyhash00000000000000000090";"2025-01-18 03:13:09"
591;"Abhimanyu";"Kadakia";"abhimanyu.kadakia.91@gmail.com";"+919455529626";"$2b$10$dummyhash00000000000000000091";"2024-12-27 17:46:09"
592;"Panini";"Rege";"panini.rege.92@gmail.com";"+916864694073";"$2b$10$dummyhash00000000000000000092";"2025-09-12 23:59:09"
593;"Lavanya";"Iyengar";"lavanya.iyengar.93@gmail.com";"+918245491866";"$2b$10$dummyhash00000000000000000093";"2025-01-26 07:16:09"
594;"Ekaraj";"Sampath";"ekaraj.sampath.94@gmail.com";"+916204672504";"$2b$10$dummyhash00000000000000000094";"2024-10-21 19:34:09"
595;"Gaurav";"Bhakta";"gaurav.bhakta.95@gmail.com";"+916215341282";"$2b$10$dummyhash00000000000000000095";"2026-07-19 23:48:09"
596;"Ijaya";"Kumar";"ijaya.kumar.96@gmail.com";"+919692539502";"$2b$10$dummyhash00000000000000000096";"2025-07-16 07:33:09"
597;"Jagvi";"Shan";"jagvi.shan.97@gmail.com";"+918741726692";"$2b$10$dummyhash00000000000000000097";"2026-03-04 13:04:09"
598;"Panini";"Hari";"panini.hari.98@gmail.com";"+918602986700";"$2b$10$dummyhash00000000000000000098";"2025-09-07 13:10:09"
599;"Barkha";"Shukla";"barkha.shukla.99@gmail.com";"+919104881791";"$2b$10$dummyhash00000000000000000099";"2025-02-23 01:20:09"
600;"Chaitaly";"Toor";"chaitaly.toor.100@gmail.com";"+917500471177";"$2b$10$dummyhash00000000000000000100";"2026-05-28 05:43:09"
601;"Xalak";"Tripathi";"xalak.tripathi.101@gmail.com";"+918482016306";"$2b$10$dummyhash00000000000000000101";"2025-09-04 17:02:09"
602;"Adya";"Ravel";"adya.ravel.102@gmail.com";"+919968440813";"$2b$10$dummyhash00000000000000000102";"2025-05-27 19:41:09"
603;"Riya";"Om";"riya.om.103@gmail.com";"+918619307039";"$2b$10$dummyhash00000000000000000103";"2025-05-20 18:43:09"
604;"Ikshita";"Malhotra";"ikshita.malhotra.104@gmail.com";"+918594884963";"$2b$10$dummyhash00000000000000000104";"2026-02-28 06:19:09"
605;"Vasudha";"Sekhon";"vasudha.sekhon.105@gmail.com";"+917819260037";"$2b$10$dummyhash00000000000000000105";"2025-09-09 00:39:09"
606;"Vansha";"Srinivasan";"vansha.srinivasan.106@gmail.com";"+917968791977";"$2b$10$dummyhash00000000000000000106";"2025-07-25 12:05:09"
607;"Fiyaz";"Zacharia";"fiyaz.zacharia.107@gmail.com";"+917859280902";"$2b$10$dummyhash00000000000000000107";"2024-11-08 14:09:09"
608;"Jeevika";"Ravel";"jeevika.ravel.108@gmail.com";"+919694355256";"$2b$10$dummyhash00000000000000000108";"2026-02-15 21:31:09"
609;"Om";"Sagar";"om.sagar.109@gmail.com";"+916816593618";"$2b$10$dummyhash00000000000000000109";"2025-01-20 04:13:09"
610;"Dominic";"Mohan";"dominic.mohan.110@gmail.com";"+919408477885";"$2b$10$dummyhash00000000000000000110";"2025-08-23 00:47:09"
611;"Amol";"Narang";"amol.narang.111@gmail.com";"+916214310791";"$2b$10$dummyhash00000000000000000111";"2024-12-15 17:01:09"
612;"Ekanta";"Borah";"ekanta.borah.112@gmail.com";"+917335620748";"$2b$10$dummyhash00000000000000000112";"2026-01-10 16:34:09"
613;"Mekhala";"Prakash";"mekhala.prakash.113@gmail.com";"+916759106449";"$2b$10$dummyhash00000000000000000113";"2026-05-15 21:35:09"
614;"Barkha";"Grewal";"barkha.grewal.114@gmail.com";"+917548171703";"$2b$10$dummyhash00000000000000000114";"2026-02-17 08:17:09"
615;"Wridesh";"Ganguly";"wridesh.ganguly.115@gmail.com";"+916183692951";"$2b$10$dummyhash00000000000000000115";"2025-07-16 22:23:09"
616;"Darika";"Chandran";"darika.chandran.116@gmail.com";"+917841548526";"$2b$10$dummyhash00000000000000000116";"2026-06-08 06:23:09"
617;"Chatresh";"Kannan";"chatresh.kannan.117@gmail.com";"+916837222201";"$2b$10$dummyhash00000000000000000117";"2025-04-10 13:01:09"
618;"Ethan";"Sama";"ethan.sama.118@gmail.com";"+917742156257";"$2b$10$dummyhash00000000000000000118";"2025-05-04 07:15:09"
619;"Rehaan";"Sarna";"rehaan.sarna.119@gmail.com";"+916160301376";"$2b$10$dummyhash00000000000000000119";"2026-03-02 12:34:09"
620;"Amol";"Ramanathan";"amol.ramanathan.120@gmail.com";"+919033039771";"$2b$10$dummyhash00000000000000000120";"2025-06-22 13:39:09"
621;"Saksham";"Nori";"saksham.nori.121@gmail.com";"+918756333730";"$2b$10$dummyhash00000000000000000121";"2025-07-21 14:46:09"
622;"Rayaan";"Virk";"rayaan.virk.122@gmail.com";"+919492523279";"$2b$10$dummyhash00000000000000000122";"2026-04-27 11:05:09"
623;"Eta";"Batta";"eta.batta.123@gmail.com";"+917815275940";"$2b$10$dummyhash00000000000000000123";"2024-11-10 08:25:09"
624;"Chandresh";"Bansal";"chandresh.bansal.124@gmail.com";"+917245394053";"$2b$10$dummyhash00000000000000000124";"2025-02-25 21:17:09"
625;"Jasmit";"Ranganathan";"jasmit.ranganathan.125@gmail.com";"+919828776138";"$2b$10$dummyhash00000000000000000125";"2026-05-17 06:18:09"
626;"Ekta";"Garg";"ekta.garg.126@gmail.com";"+919896460719";"$2b$10$dummyhash00000000000000000126";"2025-03-09 22:41:09"
627;"Nakul";"Dalal";"nakul.dalal.127@gmail.com";"+918610604753";"$2b$10$dummyhash00000000000000000127";"2025-12-19 00:53:09"
628;"Hemani";"Gala";"hemani.gala.128@gmail.com";"+916052486002";"$2b$10$dummyhash00000000000000000128";"2024-10-14 12:28:09"
629;"Azaan";"Yadav";"azaan.yadav.129@gmail.com";"+917659631956";"$2b$10$dummyhash00000000000000000129";"2026-01-04 14:39:09"
630;"Yasti";"Palla";"yasti.palla.130@gmail.com";"+918735855646";"$2b$10$dummyhash00000000000000000130";"2025-04-28 14:35:09"
631;"Gaurang";"Ranganathan";"gaurang.ranganathan.131@gmail.com";"+919890825809";"$2b$10$dummyhash00000000000000000131";"2025-07-13 23:58:09"
632;"Reva";"Pall";"reva.pall.132@gmail.com";"+917234024591";"$2b$10$dummyhash00000000000000000132";"2025-08-28 15:15:09"
633;"Darpan";"Dhingra";"darpan.dhingra.133@gmail.com";"+916809608343";"$2b$10$dummyhash00000000000000000133";"2024-11-27 00:38:09"
634;"Sai";"Sinha";"sai.sinha.134@gmail.com";"+916112116048";"$2b$10$dummyhash00000000000000000134";"2026-06-11 05:20:09"
635;"Siya";"Sathe";"siya.sathe.135@gmail.com";"+916134290711";"$2b$10$dummyhash00000000000000000135";"2026-08-08 21:18:09"
636;"Parth";"Pandya";"parth.pandya.136@gmail.com";"+917849187966";"$2b$10$dummyhash00000000000000000136";"2025-09-14 12:25:09"
637;"Pallavi";"Oza";"pallavi.oza.137@gmail.com";"+916203471342";"$2b$10$dummyhash00000000000000000137";"2025-08-24 07:31:09"
638;"Yochana";"Shanker";"yochana.shanker.138@gmail.com";"+918044952219";"$2b$10$dummyhash00000000000000000138";"2026-03-04 17:58:09"
639;"Lipika";"Hayer";"lipika.hayer.139@gmail.com";"+916546774411";"$2b$10$dummyhash00000000000000000139";"2025-11-03 11:56:09"
640;"Gunbir";"Sant";"gunbir.sant.140@gmail.com";"+919892101515";"$2b$10$dummyhash00000000000000000140";"2025-12-17 05:32:09"
641;"Michael";"Barman";"michael.barman.141@gmail.com";"+918340896265";"$2b$10$dummyhash00000000000000000141";"2025-01-04 22:45:09"
642;"Rachit";"Gupta";"rachit.gupta.142@gmail.com";"+919752716929";"$2b$10$dummyhash00000000000000000142";"2025-02-08 18:03:09"
643;"Pushti";"Parsa";"pushti.parsa.143@gmail.com";"+916023458032";"$2b$10$dummyhash00000000000000000143";"2026-04-22 17:18:09"
644;"Krisha";"Bedi";"krisha.bedi.144@gmail.com";"+916236227932";"$2b$10$dummyhash00000000000000000144";"2026-02-25 14:27:09"
645;"Charles";"Gandhi";"charles.gandhi.145@gmail.com";"+917654727495";"$2b$10$dummyhash00000000000000000145";"2026-06-18 17:29:09"
646;"Deepa";"Kapoor";"deepa.kapoor.146@gmail.com";"+917863928787";"$2b$10$dummyhash00000000000000000146";"2024-10-18 12:32:09"
647;"Chandran";"Goda";"chandran.goda.147@gmail.com";"+917811396160";"$2b$10$dummyhash00000000000000000147";"2026-07-09 01:01:09"
648;"Harish";"Patel";"harish.patel.148@gmail.com";"+916226646212";"$2b$10$dummyhash00000000000000000148";"2025-08-05 23:42:09"
649;"Quincy";"Mittal";"quincy.mittal.149@gmail.com";"+917955374480";"$2b$10$dummyhash00000000000000000149";"2025-09-17 13:09:09"
650;"Brijesh";"Randhawa";"brijesh.randhawa.150@gmail.com";"+917712986395";"$2b$10$dummyhash00000000000000000150";"2024-11-22 03:40:09"
651;"Pushti";"Brahmbhatt";"pushti.brahmbhatt.151@gmail.com";"+919046597846";"$2b$10$dummyhash00000000000000000151";"2025-08-17 21:07:09"
652;"Hemani";"Hayer";"hemani.hayer.152@gmail.com";"+916597185529";"$2b$10$dummyhash00000000000000000152";"2025-11-28 10:00:09"
653;"Vyanjana";"Gaba";"vyanjana.gaba.153@gmail.com";"+916391449884";"$2b$10$dummyhash00000000000000000153";"2025-05-12 18:02:09"
654;"Om";"Ravi";"om.ravi.154@gmail.com";"+917194126335";"$2b$10$dummyhash00000000000000000154";"2026-06-07 01:52:09"
655;"Upadhriti";"Narasimhan";"upadhriti.narasimhan.155@gmail.com";"+916604677931";"$2b$10$dummyhash00000000000000000155";"2026-05-11 01:04:09"
656;"Baljiwan";"Ghose";"baljiwan.ghose.156@gmail.com";"+917235936111";"$2b$10$dummyhash00000000000000000156";"2024-12-01 07:20:09"
657;"Patrick";"Salvi";"patrick.salvi.157@gmail.com";"+916015063183";"$2b$10$dummyhash00000000000000000157";"2025-01-14 09:31:09"
658;"Michael";"Varghese";"michael.varghese.158@gmail.com";"+919237068299";"$2b$10$dummyhash00000000000000000158";"2025-03-15 04:15:09"
659;"Manya";"Chandra";"manya.chandra.159@gmail.com";"+918189399060";"$2b$10$dummyhash00000000000000000159";"2026-03-29 20:08:09"
660;"Mekhala";"Dani";"mekhala.dani.160@gmail.com";"+918722520361";"$2b$10$dummyhash00000000000000000160";"2026-06-29 23:08:09"
661;"Wahab";"Chhabra";"wahab.chhabra.161@gmail.com";"+918775878609";"$2b$10$dummyhash00000000000000000161";"2026-01-22 01:11:09"
662;"Pahal";"Mukhopadhyay";"pahal.mukhopadhyay.162@gmail.com";"+916918773189";"$2b$10$dummyhash00000000000000000162";"2026-03-29 08:16:09"
663;"Bimala";"Walla";"bimala.walla.163@gmail.com";"+918969107499";"$2b$10$dummyhash00000000000000000163";"2025-06-24 13:17:09"
664;"Hardik";"Pai";"hardik.pai.164@gmail.com";"+916115627269";"$2b$10$dummyhash00000000000000000164";"2025-08-08 01:29:09"
665;"Vaishnavi";"Konda";"vaishnavi.konda.165@gmail.com";"+919049286813";"$2b$10$dummyhash00000000000000000165";"2026-04-30 02:52:09"
666;"Bina";"Arora";"bina.arora.166@gmail.com";"+917993567565";"$2b$10$dummyhash00000000000000000166";"2025-05-09 12:14:09"
667;"Nakul";"Raju";"nakul.raju.167@gmail.com";"+918688277255";"$2b$10$dummyhash00000000000000000167";"2026-04-04 17:46:09"
668;"Veer";"Chatterjee";"veer.chatterjee.168@gmail.com";"+918616865426";"$2b$10$dummyhash00000000000000000168";"2026-03-22 03:29:09"
669;"Yashvi";"Som";"yashvi.som.169@gmail.com";"+919862889381";"$2b$10$dummyhash00000000000000000169";"2026-02-24 07:39:09"
670;"Harish";"Rastogi";"harish.rastogi.170@gmail.com";"+918873522153";"$2b$10$dummyhash00000000000000000170";"2025-05-03 14:09:09"
671;"Tejas";"Mani";"tejas.mani.171@gmail.com";"+918103561845";"$2b$10$dummyhash00000000000000000171";"2024-12-30 06:01:09"
672;"Isha";"Boase";"isha.boase.172@gmail.com";"+918017172647";"$2b$10$dummyhash00000000000000000172";"2025-11-19 11:40:09"
673;"Ranbir";"Wali";"ranbir.wali.173@gmail.com";"+918232743068";"$2b$10$dummyhash00000000000000000173";"2025-08-29 21:35:09"
674;"Atharv";"Borde";"atharv.borde.174@gmail.com";"+919302852333";"$2b$10$dummyhash00000000000000000174";"2025-02-03 06:02:09"
675;"Mugdha";"Balay";"mugdha.balay.175@gmail.com";"+919827015706";"$2b$10$dummyhash00000000000000000175";"2024-11-07 07:24:09"
676;"Anay";"Sani";"anay.sani.176@gmail.com";"+917363076689";"$2b$10$dummyhash00000000000000000176";"2026-04-15 16:42:09"
677;"Hamsini";"Gokhale";"hamsini.gokhale.177@gmail.com";"+916228980063";"$2b$10$dummyhash00000000000000000177";"2024-10-06 07:38:09"
678;"Champak";"Parmer";"champak.parmer.178@gmail.com";"+918241547327";"$2b$10$dummyhash00000000000000000178";"2026-07-08 05:32:09"
679;"Ekta";"Soni";"ekta.soni.179@gmail.com";"+919334149009";"$2b$10$dummyhash00000000000000000179";"2026-06-03 19:25:09"
680;"Onveer";"Bahl";"onveer.bahl.180@gmail.com";"+916154280501";"$2b$10$dummyhash00000000000000000180";"2026-04-18 17:11:09"
681;"Samesh";"Datta";"samesh.datta.181@gmail.com";"+919997248935";"$2b$10$dummyhash00000000000000000181";"2025-08-17 04:57:09"
682;"Bimala";"Jaggi";"bimala.jaggi.182@gmail.com";"+918831661350";"$2b$10$dummyhash00000000000000000182";"2025-04-23 23:13:09"
683;"Yatin";"Koshy";"yatin.koshy.183@gmail.com";"+918843111830";"$2b$10$dummyhash00000000000000000183";"2026-05-26 15:07:09"
684;"Libni";"Sahota";"libni.sahota.184@gmail.com";"+917573163462";"$2b$10$dummyhash00000000000000000184";"2025-05-17 04:52:09"
685;"Azaan";"Dass";"azaan.dass.185@gmail.com";"+916762962704";"$2b$10$dummyhash00000000000000000185";"2026-04-18 21:46:09"
686;"Abdul";"Dasgupta";"abdul.dasgupta.186@gmail.com";"+918333748522";"$2b$10$dummyhash00000000000000000186";"2025-02-19 11:28:09"
687;"Ayaan";"Bhakta";"ayaan.bhakta.187@gmail.com";"+919202543214";"$2b$10$dummyhash00000000000000000187";"2025-12-21 19:02:09"
688;"Pranav";"Dash";"pranav.dash.188@gmail.com";"+919600757478";"$2b$10$dummyhash00000000000000000188";"2025-07-31 11:16:09"
689;"Lekha";"Bir";"lekha.bir.189@gmail.com";"+918214551236";"$2b$10$dummyhash00000000000000000189";"2024-12-22 02:28:09"
690;"Akshay";"Saraf";"akshay.saraf.190@gmail.com";"+919563560798";"$2b$10$dummyhash00000000000000000190";"2024-10-16 05:21:09"
691;"Qadim";"Sama";"qadim.sama.191@gmail.com";"+916819095741";"$2b$10$dummyhash00000000000000000191";"2026-06-18 00:25:09"
692;"Champak";"Gara";"champak.gara.192@gmail.com";"+919218504770";"$2b$10$dummyhash00000000000000000192";"2026-03-20 22:34:09"
693;"Chatresh";"Puri";"chatresh.puri.193@gmail.com";"+918311260387";"$2b$10$dummyhash00000000000000000193";"2026-04-15 15:29:09"
694;"Tripti";"Shah";"tripti.shah.194@gmail.com";"+917700930793";"$2b$10$dummyhash00000000000000000194";"2025-05-17 15:17:09"
695;"Gautami";"Grewal";"gautami.grewal.195@gmail.com";"+916898751248";"$2b$10$dummyhash00000000000000000195";"2026-08-14 04:00:09"
696;"Bakhshi";"Rastogi";"bakhshi.rastogi.196@gmail.com";"+918852249894";"$2b$10$dummyhash00000000000000000196";"2026-03-05 06:47:09"
697;"Tripti";"Suresh";"tripti.suresh.197@gmail.com";"+918713848668";"$2b$10$dummyhash00000000000000000197";"2026-01-26 10:50:09"
698;"Janya";"Bobal";"janya.bobal.198@gmail.com";"+917284573538";"$2b$10$dummyhash00000000000000000198";"2024-12-31 10:02:09"
699;"Liam";"Lanka";"liam.lanka.199@gmail.com";"+916255763065";"$2b$10$dummyhash00000000000000000199";"2025-04-17 04:49:09"
700;"Zehaan";"Goda";"zehaan.goda.200@gmail.com";"+917467600096";"$2b$10$dummyhash00000000000000000200";"2026-08-21 07:28:09"
701;"Gavin";"Sharma";"gavin.sharma.201@gmail.com";"+917260301637";"$2b$10$dummyhash00000000000000000201";"2025-03-30 19:15:09"
702;"Agastya";"Dube";"agastya.dube.202@gmail.com";"+918527151915";"$2b$10$dummyhash00000000000000000202";"2026-07-08 04:26:09"
703;"Arunima";"Brar";"arunima.brar.203@gmail.com";"+917218919367";"$2b$10$dummyhash00000000000000000203";"2025-05-13 12:16:09"
704;"Darika";"Dhaliwal";"darika.dhaliwal.204@gmail.com";"+919542029525";"$2b$10$dummyhash00000000000000000204";"2026-04-30 04:44:09"
705;"Henry";"Yadav";"henry.yadav.205@gmail.com";"+916398134546";"$2b$10$dummyhash00000000000000000205";"2026-04-25 04:01:09"
706;"Jai";"Mani";"jai.mani.206@gmail.com";"+919767224483";"$2b$10$dummyhash00000000000000000206";"2026-06-12 05:37:09"
707;"Gaurika";"Aggarwal";"gaurika.aggarwal.207@gmail.com";"+916344045891";"$2b$10$dummyhash00000000000000000207";"2026-08-19 01:19:09"
708;"Aashi";"Varughese";"aashi.varughese.208@gmail.com";"+919111434874";"$2b$10$dummyhash00000000000000000208";"2025-02-09 09:35:09"
709;"Prisha";"Upadhyay";"prisha.upadhyay.209@gmail.com";"+918074562439";"$2b$10$dummyhash00000000000000000209";"2026-05-31 05:04:09"
710;"Madhav";"Bhargava";"madhav.bhargava.210@gmail.com";"+919234499878";"$2b$10$dummyhash00000000000000000210";"2025-07-06 02:19:09"
711;"Daksh";"Bhasin";"daksh.bhasin.211@gmail.com";"+916948082859";"$2b$10$dummyhash00000000000000000211";"2025-07-19 17:43:09"
712;"Siddharth";"Wason";"siddharth.wason.212@gmail.com";"+917970414868";"$2b$10$dummyhash00000000000000000212";"2024-11-15 23:26:09"
713;"Akshay";"Kala";"akshay.kala.213@gmail.com";"+918117864687";"$2b$10$dummyhash00000000000000000213";"2025-06-23 08:36:09"
714;"Manan";"Mohan";"manan.mohan.214@gmail.com";"+918821385556";"$2b$10$dummyhash00000000000000000214";"2026-03-21 04:01:09"
715;"Omya";"Dora";"omya.dora.215@gmail.com";"+916974032765";"$2b$10$dummyhash00000000000000000215";"2025-04-30 02:35:09"
716;"Avi";"Prasad";"avi.prasad.216@gmail.com";"+918008983331";"$2b$10$dummyhash00000000000000000216";"2025-07-09 08:24:09"
717;"Zaitra";"D’Alia";"zaitra.dalia.217@gmail.com";"+918367225919";"$2b$10$dummyhash00000000000000000217";"2025-05-24 22:23:09"
718;"Vanya";"Mistry";"vanya.mistry.218@gmail.com";"+916099624574";"$2b$10$dummyhash00000000000000000218";"2025-04-01 00:48:09"
719;"Ucchal";"Sheth";"ucchal.sheth.219@gmail.com";"+918709533556";"$2b$10$dummyhash00000000000000000219";"2025-05-08 09:00:09"
720;"Parth";"Dhaliwal";"parth.dhaliwal.220@gmail.com";"+917006741617";"$2b$10$dummyhash00000000000000000220";"2026-01-10 06:33:09"
721;"Ayaan";"Rau";"ayaan.rau.221@gmail.com";"+916689825041";"$2b$10$dummyhash00000000000000000221";"2025-03-01 17:37:09"
722;"Mitesh";"Seth";"mitesh.seth.222@gmail.com";"+918425756171";"$2b$10$dummyhash00000000000000000222";"2026-07-24 17:01:09"
723;"Praneel";"Nigam";"praneel.nigam.223@gmail.com";"+917804106158";"$2b$10$dummyhash00000000000000000223";"2025-10-16 12:22:09"
724;"Yashawini";"Singh";"yashawini.singh.224@gmail.com";"+916840607041";"$2b$10$dummyhash00000000000000000224";"2026-07-28 12:42:09"
725;"Mohammed";"Bassi";"mohammed.bassi.225@gmail.com";"+917349393293";"$2b$10$dummyhash00000000000000000225";"2026-07-14 01:56:09"
726;"Vrishti";"Ramachandran";"vrishti.ramachandran.226@gmail.com";"+916152932966";"$2b$10$dummyhash00000000000000000226";"2026-08-09 13:28:09"
727;"Ojas";"Singh";"ojas.singh.227@gmail.com";"+918101653105";"$2b$10$dummyhash00000000000000000227";"2025-05-19 07:10:09"
728;"Anusha";"Kakar";"anusha.kakar.228@gmail.com";"+917805917421";"$2b$10$dummyhash00000000000000000228";"2024-11-17 20:49:09"
729;"Warda";"Venkatesh";"warda.venkatesh.229@gmail.com";"+917111875610";"$2b$10$dummyhash00000000000000000229";"2026-08-09 13:55:09"
730;"Ira";"Raghavan";"ira.raghavan.230@gmail.com";"+916179850359";"$2b$10$dummyhash00000000000000000230";"2026-04-03 21:28:09"
731;"Manthan";"Nadig";"manthan.nadig.231@gmail.com";"+918853970651";"$2b$10$dummyhash00000000000000000231";"2025-12-25 14:39:09"
732;"Edhitha";"De";"edhitha.de.232@gmail.com";"+919064947084";"$2b$10$dummyhash00000000000000000232";"2025-04-29 08:49:09"
733;"Christopher";"Shankar";"christopher.shankar.233@gmail.com";"+917375392051";"$2b$10$dummyhash00000000000000000233";"2025-02-07 04:22:09"
734;"Chatresh";"Natt";"chatresh.natt.234@gmail.com";"+919713915732";"$2b$10$dummyhash00000000000000000234";"2025-09-23 22:19:09"
735;"Chanakya";"Rai";"chanakya.rai.235@gmail.com";"+917265585965";"$2b$10$dummyhash00000000000000000235";"2025-06-13 17:05:09"
736;"Finn";"Banik";"finn.banik.236@gmail.com";"+918071185405";"$2b$10$dummyhash00000000000000000236";"2024-10-13 18:26:09"
737;"Joshua";"Bandi";"joshua.bandi.237@gmail.com";"+917544927870";"$2b$10$dummyhash00000000000000000237";"2025-04-15 18:44:09"
738;"Advaith";"Pau";"advaith.pau.238@gmail.com";"+918022796312";"$2b$10$dummyhash00000000000000000238";"2025-08-26 16:01:09"
739;"Radhika";"Kant";"radhika.kant.239@gmail.com";"+918495070845";"$2b$10$dummyhash00000000000000000239";"2026-02-12 00:23:09"
740;"Vanya";"Chana";"vanya.chana.240@gmail.com";"+917381819459";"$2b$10$dummyhash00000000000000000240";"2025-11-04 12:11:09"
741;"Harshil";"Bir";"harshil.bir.241@gmail.com";"+919133738634";"$2b$10$dummyhash00000000000000000241";"2025-01-04 04:25:09"
742;"Jeevika";"Shah";"jeevika.shah.242@gmail.com";"+919293947509";"$2b$10$dummyhash00000000000000000242";"2026-07-13 19:01:09"
743;"Priya";"Mukhopadhyay";"priya.mukhopadhyay.243@gmail.com";"+916693630732";"$2b$10$dummyhash00000000000000000243";"2025-04-19 06:46:09"
744;"Peter";"Date";"peter.date.244@gmail.com";"+916515726459";"$2b$10$dummyhash00000000000000000244";"2025-07-24 10:21:09"
745;"Mugdha";"Zachariah";"mugdha.zachariah.245@gmail.com";"+916870268053";"$2b$10$dummyhash00000000000000000245";"2025-01-15 15:40:09"
746;"Reyansh";"Khurana";"reyansh.khurana.246@gmail.com";"+919512825958";"$2b$10$dummyhash00000000000000000246";"2026-07-03 00:18:09"
747;"Nachiket";"Raja";"nachiket.raja.247@gmail.com";"+919944204791";"$2b$10$dummyhash00000000000000000247";"2025-12-07 03:06:09"
748;"Tejas";"Varma";"tejas.varma.248@gmail.com";"+919344599037";"$2b$10$dummyhash00000000000000000248";"2024-10-20 22:27:09"
749;"Vrishti";"Raju";"vrishti.raju.249@gmail.com";"+916370843884";"$2b$10$dummyhash00000000000000000249";"2025-12-18 22:00:09"
750;"Rayaan";"Bir";"rayaan.bir.250@gmail.com";"+916728936160";"$2b$10$dummyhash00000000000000000250";"2025-05-23 05:14:09"
751;"Mohammed";"Yohannan";"mohammed.yohannan.251@gmail.com";"+919020817601";"$2b$10$dummyhash00000000000000000251";"2025-01-30 11:28:09"
752;"Kalpit";"Bora";"kalpit.bora.252@gmail.com";"+917817860491";"$2b$10$dummyhash00000000000000000252";"2026-01-04 04:45:09"
753;"Meghana";"Shah";"meghana.shah.253@gmail.com";"+916816191853";"$2b$10$dummyhash00000000000000000253";"2026-01-01 18:27:09"
754;"Gaurang";"Kadakia";"gaurang.kadakia.254@gmail.com";"+919659841847";"$2b$10$dummyhash00000000000000000254";"2025-08-22 02:18:09"
755;"Advik";"Sha";"advik.sha.255@gmail.com";"+919059297583";"$2b$10$dummyhash00000000000000000255";"2026-04-15 11:20:09"
756;"Praneel";"Garde";"praneel.garde.256@gmail.com";"+918451462556";"$2b$10$dummyhash00000000000000000256";"2024-10-21 19:08:09"
757;"Jeevika";"Rajagopalan";"jeevika.rajagopalan.257@gmail.com";"+919132650706";"$2b$10$dummyhash00000000000000000257";"2024-09-25 01:27:09"
758;"Sarthak";"Kota";"sarthak.kota.258@gmail.com";"+919418968359";"$2b$10$dummyhash00000000000000000258";"2026-02-17 12:06:09"
759;"Gauri";"Mistry";"gauri.mistry.259@gmail.com";"+919091918989";"$2b$10$dummyhash00000000000000000259";"2025-07-19 21:28:09"
760;"Aashi";"Dubey";"aashi.dubey.260@gmail.com";"+918322370077";"$2b$10$dummyhash00000000000000000260";"2026-08-22 22:39:09"
761;"Daniel";"Sundaram";"daniel.sundaram.261@gmail.com";"+919944063324";"$2b$10$dummyhash00000000000000000261";"2026-01-05 19:26:09"
762;"Omaja";"Parekh";"omaja.parekh.262@gmail.com";"+919868767903";"$2b$10$dummyhash00000000000000000262";"2025-01-22 07:51:09"
763;"Harita";"Ahluwalia";"harita.ahluwalia.263@gmail.com";"+919696881887";"$2b$10$dummyhash00000000000000000263";"2025-04-10 23:12:09"
764;"Eshana";"Memon";"eshana.memon.264@gmail.com";"+918689590402";"$2b$10$dummyhash00000000000000000264";"2026-02-28 02:56:09"
765;"Yachana";"Bava";"yachana.bava.265@gmail.com";"+917612644873";"$2b$10$dummyhash00000000000000000265";"2025-07-13 03:39:09"
766;"Niharika";"Mander";"niharika.mander.266@gmail.com";"+916458959756";"$2b$10$dummyhash00000000000000000266";"2025-06-20 22:38:09"
767;"Tripti";"Garde";"tripti.garde.267@gmail.com";"+919123587843";"$2b$10$dummyhash00000000000000000267";"2026-05-24 11:08:09"
768;"Jack";"Sahota";"jack.sahota.268@gmail.com";"+916468204185";"$2b$10$dummyhash00000000000000000268";"2026-06-21 09:56:09"
769;"Pushti";"Chanda";"pushti.chanda.269@gmail.com";"+917192047502";"$2b$10$dummyhash00000000000000000269";"2025-09-12 08:37:09"
770;"Jai";"Shere";"jai.shere.270@gmail.com";"+917581346733";"$2b$10$dummyhash00000000000000000270";"2026-04-10 06:22:09"
771;"Neel";"Borah";"neel.borah.271@gmail.com";"+919822699669";"$2b$10$dummyhash00000000000000000271";"2025-01-22 21:21:09"
772;"Kritika";"Wali";"kritika.wali.272@gmail.com";"+919636661807";"$2b$10$dummyhash00000000000000000272";"2026-04-16 20:07:09"
773;"Faris";"Amble";"faris.amble.273@gmail.com";"+919969219282";"$2b$10$dummyhash00000000000000000273";"2026-08-12 03:30:09"
774;"Zinal";"Lad";"zinal.lad.274@gmail.com";"+916508549173";"$2b$10$dummyhash00000000000000000274";"2025-07-08 22:32:09"
775;"Vasudha";"Chada";"vasudha.chada.275@gmail.com";"+916098607222";"$2b$10$dummyhash00000000000000000275";"2026-03-11 23:03:09"
776;"Oviya";"D’Alia";"oviya.dalia.276@gmail.com";"+917752120175";"$2b$10$dummyhash00000000000000000276";"2025-12-22 02:42:09"
777;"Niharika";"Sood";"niharika.sood.277@gmail.com";"+916284465056";"$2b$10$dummyhash00000000000000000277";"2026-03-04 15:50:09"
778;"Timothy";"Ramesh";"timothy.ramesh.278@gmail.com";"+918785060272";"$2b$10$dummyhash00000000000000000278";"2024-10-23 09:22:09"
779;"Arin";"Sawhney";"arin.sawhney.279@gmail.com";"+916662881970";"$2b$10$dummyhash00000000000000000279";"2024-11-11 16:43:09"
780;"Tara";"Tailor";"tara.tailor.280@gmail.com";"+919019783068";"$2b$10$dummyhash00000000000000000280";"2025-03-12 16:29:09"
781;"Oni";"Misra";"oni.misra.281@gmail.com";"+916230358863";"$2b$10$dummyhash00000000000000000281";"2026-07-23 03:15:09"
782;"Mohammed";"Seshadri";"mohammed.seshadri.282@gmail.com";"+919756002432";"$2b$10$dummyhash00000000000000000282";"2025-03-01 04:36:09"
783;"Ojas";"Karan";"ojas.karan.283@gmail.com";"+918299328301";"$2b$10$dummyhash00000000000000000283";"2025-10-12 18:33:09"
784;"Urmi";"Tata";"urmi.tata.284@gmail.com";"+918478359565";"$2b$10$dummyhash00000000000000000284";"2024-09-28 06:53:09"
785;"Unni";"Raval";"unni.raval.285@gmail.com";"+918543478224";"$2b$10$dummyhash00000000000000000285";"2026-04-10 03:25:09"
786;"Chasmum";"Sem";"chasmum.sem.286@gmail.com";"+917429048025";"$2b$10$dummyhash00000000000000000286";"2025-08-26 15:15:09"
787;"Arin";"Tella";"arin.tella.287@gmail.com";"+917118434505";"$2b$10$dummyhash00000000000000000287";"2025-10-30 21:49:09"
788;"Jhalak";"Shetty";"jhalak.shetty.288@gmail.com";"+919019153890";"$2b$10$dummyhash00000000000000000288";"2025-01-31 14:55:09"
789;"Chavvi";"Gour";"chavvi.gour.289@gmail.com";"+918691850173";"$2b$10$dummyhash00000000000000000289";"2025-08-06 07:42:09"
790;"Wahab";"Kapoor";"wahab.kapoor.290@gmail.com";"+917837832322";"$2b$10$dummyhash00000000000000000290";"2025-07-08 12:54:09"
791;"Kashvi";"Dyal";"kashvi.dyal.291@gmail.com";"+916498338566";"$2b$10$dummyhash00000000000000000291";"2026-03-26 00:32:09"
792;"Avi";"Bali";"avi.bali.292@gmail.com";"+916725765433";"$2b$10$dummyhash00000000000000000292";"2026-08-23 03:23:09"
793;"Dalbir";"Gala";"dalbir.gala.293@gmail.com";"+919448206671";"$2b$10$dummyhash00000000000000000293";"2025-08-22 04:15:09"
794;"Osha";"Mohanty";"osha.mohanty.294@gmail.com";"+917147758106";"$2b$10$dummyhash00000000000000000294";"2026-03-16 07:14:09"
795;"Nitesh";"Hayre";"nitesh.hayre.295@gmail.com";"+916810448438";"$2b$10$dummyhash00000000000000000295";"2024-09-27 21:29:09"
796;"Ayush";"Ganguly";"ayush.ganguly.296@gmail.com";"+916552808822";"$2b$10$dummyhash00000000000000000296";"2026-07-06 16:23:09"
797;"Unni";"Murthy";"unni.murthy.297@gmail.com";"+918510869459";"$2b$10$dummyhash00000000000000000297";"2026-03-05 23:37:09"
798;"Brijesh";"Thaman";"brijesh.thaman.298@gmail.com";"+918363208267";"$2b$10$dummyhash00000000000000000298";"2026-03-25 16:35:09"
799;"Yatan";"Banik";"yatan.banik.299@gmail.com";"+917268200006";"$2b$10$dummyhash00000000000000000299";"2025-08-30 03:23:09"
800;"Anay";"Dhar";"anay.dhar.300@gmail.com";"+917567531990";"$2b$10$dummyhash00000000000000000300";"2025-10-15 10:07:09"
801;"Vrishti";"Setty";"vrishti.setty.301@gmail.com";"+916855552533";"$2b$10$dummyhash00000000000000000301";"2024-10-27 06:17:09"
802;"Indira";"Bains";"indira.bains.302@gmail.com";"+916300795118";"$2b$10$dummyhash00000000000000000302";"2024-11-02 15:24:09"
803;"Osha";"Parekh";"osha.parekh.303@gmail.com";"+918423684009";"$2b$10$dummyhash00000000000000000303";"2025-12-17 03:21:09"
804;"Aashi";"Badal";"aashi.badal.304@gmail.com";"+918325060114";"$2b$10$dummyhash00000000000000000304";"2024-09-29 10:35:09"
805;"Mohammed";"Kumer";"mohammed.kumer.305@gmail.com";"+918673063853";"$2b$10$dummyhash00000000000000000305";"2025-11-26 00:28:09"
806;"Benjamin";"Dhaliwal";"benjamin.dhaliwal.306@gmail.com";"+917242707981";"$2b$10$dummyhash00000000000000000306";"2026-07-07 01:44:09"
807;"William";"Contractor";"william.contractor.307@gmail.com";"+918823666783";"$2b$10$dummyhash00000000000000000307";"2025-09-14 03:33:09"
808;"Yutika";"Solanki";"yutika.solanki.308@gmail.com";"+918992050138";"$2b$10$dummyhash00000000000000000308";"2026-06-30 06:50:09"
809;"Chaman";"Palla";"chaman.palla.309@gmail.com";"+918054298073";"$2b$10$dummyhash00000000000000000309";"2025-04-11 08:18:09"
810;"Ekaja";"Sandhu";"ekaja.sandhu.310@gmail.com";"+918304853989";"$2b$10$dummyhash00000000000000000310";"2025-04-14 17:48:09"
811;"Falguni";"Menon";"falguni.menon.311@gmail.com";"+917081514999";"$2b$10$dummyhash00000000000000000311";"2025-01-06 23:30:09"
812;"Pushti";"Bhalla";"pushti.bhalla.312@gmail.com";"+918019881043";"$2b$10$dummyhash00000000000000000312";"2026-02-21 10:47:09"
813;"Hredhaan";"Subramaniam";"hredhaan.subramaniam.313@gmail.com";"+917874005808";"$2b$10$dummyhash00000000000000000313";"2025-10-01 20:54:09"
814;"Jagvi";"Sunder";"jagvi.sunder.314@gmail.com";"+916453543750";"$2b$10$dummyhash00000000000000000314";"2025-09-12 15:06:09"
815;"Rajeshri";"Sinha";"rajeshri.sinha.315@gmail.com";"+916458675499";"$2b$10$dummyhash00000000000000000315";"2025-12-06 04:56:09"
816;"Ishanvi";"Boase";"ishanvi.boase.316@gmail.com";"+916762747822";"$2b$10$dummyhash00000000000000000316";"2025-02-13 20:23:09"
817;"Nakul";"Halder";"nakul.halder.317@gmail.com";"+916753350032";"$2b$10$dummyhash00000000000000000317";"2026-08-22 01:36:09"
818;"Ekanta";"Mani";"ekanta.mani.318@gmail.com";"+917234051397";"$2b$10$dummyhash00000000000000000318";"2024-11-09 12:50:09"
819;"Rushil";"Ahluwalia";"rushil.ahluwalia.319@gmail.com";"+918464438727";"$2b$10$dummyhash00000000000000000319";"2026-02-09 23:25:09"
820;"Pushti";"Basak";"pushti.basak.320@gmail.com";"+918986165431";"$2b$10$dummyhash00000000000000000320";"2026-04-23 12:51:09"
821;"Onveer";"Edwin";"onveer.edwin.321@gmail.com";"+916041131629";"$2b$10$dummyhash00000000000000000321";"2025-09-11 02:59:09"
822;"Vasudha";"Patel";"vasudha.patel.322@gmail.com";"+917922869937";"$2b$10$dummyhash00000000000000000322";"2026-06-30 22:22:09"
823;"Meera";"Dar";"meera.dar.323@gmail.com";"+918057526452";"$2b$10$dummyhash00000000000000000323";"2025-01-23 14:10:09"
824;"Lopa";"Kothari";"lopa.kothari.324@gmail.com";"+919692584127";"$2b$10$dummyhash00000000000000000324";"2025-02-02 08:39:09"
825;"Samaksh";"Brahmbhatt";"samaksh.brahmbhatt.325@gmail.com";"+916764881866";"$2b$10$dummyhash00000000000000000325";"2025-03-11 00:05:09"
826;"Vyanjana";"Bera";"vyanjana.bera.326@gmail.com";"+916646878553";"$2b$10$dummyhash00000000000000000326";"2025-04-03 21:20:09"
827;"Aahana";"Suresh";"aahana.suresh.327@gmail.com";"+919218305147";"$2b$10$dummyhash00000000000000000327";"2025-10-11 23:52:09"
828;"Fitan";"Chadha";"fitan.chadha.328@gmail.com";"+916204799859";"$2b$10$dummyhash00000000000000000328";"2025-07-23 13:02:09"
829;"Yash";"Ghosh";"yash.ghosh.329@gmail.com";"+917613225685";"$2b$10$dummyhash00000000000000000329";"2024-10-26 21:17:09"
830;"Omkaar";"Sengupta";"omkaar.sengupta.330@gmail.com";"+916040001036";"$2b$10$dummyhash00000000000000000330";"2025-04-22 04:15:09"
831;"Nidhi";"Halder";"nidhi.halder.331@gmail.com";"+917748765589";"$2b$10$dummyhash00000000000000000331";"2024-12-11 23:31:09"
832;"Pallavi";"Karnik";"pallavi.karnik.332@gmail.com";"+919662676843";"$2b$10$dummyhash00000000000000000332";"2024-11-10 18:10:09"
833;"Radhika";"Sachdev";"radhika.sachdev.333@gmail.com";"+919707341932";"$2b$10$dummyhash00000000000000000333";"2025-01-06 12:27:09"
834;"Ranveer";"Kashyap";"ranveer.kashyap.334@gmail.com";"+919318385186";"$2b$10$dummyhash00000000000000000334";"2025-11-17 05:59:09"
835;"Jalsa";"Srivastava";"jalsa.srivastava.335@gmail.com";"+918541045138";"$2b$10$dummyhash00000000000000000335";"2025-03-20 22:26:09"
836;"Kalpit";"Issac";"kalpit.issac.336@gmail.com";"+918079070586";"$2b$10$dummyhash00000000000000000336";"2025-08-02 10:50:09"
837;"Charles";"Virk";"charles.virk.337@gmail.com";"+918319728490";"$2b$10$dummyhash00000000000000000337";"2026-01-09 06:35:09"
838;"Quincy";"Gulati";"quincy.gulati.338@gmail.com";"+919649358668";"$2b$10$dummyhash00000000000000000338";"2025-01-06 16:16:09"
839;"Farhan";"Ramaswamy";"farhan.ramaswamy.339@gmail.com";"+918451066680";"$2b$10$dummyhash00000000000000000339";"2026-08-18 14:11:09"
840;"Aarush";"Thakkar";"aarush.thakkar.340@gmail.com";"+916565985893";"$2b$10$dummyhash00000000000000000340";"2026-01-29 09:56:09"
841;"Utkarsh";"Narang";"utkarsh.narang.341@gmail.com";"+919187893913";"$2b$10$dummyhash00000000000000000341";"2026-06-10 02:45:09"
842;"Divya";"Swaminathan";"divya.swaminathan.342@gmail.com";"+919136573367";"$2b$10$dummyhash00000000000000000342";"2026-06-26 03:48:09"
843;"Parth";"Singh";"parth.singh.343@gmail.com";"+919000589329";"$2b$10$dummyhash00000000000000000343";"2026-08-22 21:58:09"
844;"Xavier";"Prashad";"xavier.prashad.344@gmail.com";"+916760112209";"$2b$10$dummyhash00000000000000000344";"2024-12-02 23:19:09"
845;"Mugdha";"Sheth";"mugdha.sheth.345@gmail.com";"+916876648750";"$2b$10$dummyhash00000000000000000345";"2025-09-04 17:53:09"
846;"Yashoda";"Chhabra";"yashoda.chhabra.346@gmail.com";"+916664692296";"$2b$10$dummyhash00000000000000000346";"2025-03-13 22:13:09"
847;"Oviya";"Varughese";"oviya.varughese.347@gmail.com";"+918101319735";"$2b$10$dummyhash00000000000000000347";"2025-07-29 15:19:09"
848;"George";"Koshy";"george.koshy.348@gmail.com";"+916539362125";"$2b$10$dummyhash00000000000000000348";"2025-04-30 15:52:09"
849;"Daniel";"Chopra";"daniel.chopra.349@gmail.com";"+918853560474";"$2b$10$dummyhash00000000000000000349";"2026-02-20 02:22:09"
850;"Dhruv";"Madan";"dhruv.madan.350@gmail.com";"+919038001764";"$2b$10$dummyhash00000000000000000350";"2025-04-27 08:23:09"
851;"Yug";"Mall";"yug.mall.351@gmail.com";"+919799514808";"$2b$10$dummyhash00000000000000000351";"2026-07-01 02:53:09"
852;"Harini";"Mangat";"harini.mangat.352@gmail.com";"+916201219094";"$2b$10$dummyhash00000000000000000352";"2025-08-23 16:06:09"
853;"Jyoti";"Deshmukh";"jyoti.deshmukh.353@gmail.com";"+917514925169";"$2b$10$dummyhash00000000000000000353";"2025-03-05 05:09:09"
854;"Indali";"Dave";"indali.dave.354@gmail.com";"+916477789469";"$2b$10$dummyhash00000000000000000354";"2024-09-29 00:13:09"
855;"Ekbal";"Atwal";"ekbal.atwal.355@gmail.com";"+918795692729";"$2b$10$dummyhash00000000000000000355";"2026-03-05 14:09:09"
856;"Shravya";"Dani";"shravya.dani.356@gmail.com";"+919412235970";"$2b$10$dummyhash00000000000000000356";"2026-01-04 20:45:09"
857;"Netra";"Bajaj";"netra.bajaj.357@gmail.com";"+919806909693";"$2b$10$dummyhash00000000000000000357";"2026-07-06 15:12:09"
858;"Nihal";"Deshpande";"nihal.deshpande.358@gmail.com";"+917283663244";"$2b$10$dummyhash00000000000000000358";"2026-07-11 04:17:09"
859;"Nikita";"Khurana";"nikita.khurana.359@gmail.com";"+917584762552";"$2b$10$dummyhash00000000000000000359";"2025-09-19 01:33:09"
860;"Vamakshi";"Shenoy";"vamakshi.shenoy.360@gmail.com";"+918617665631";"$2b$10$dummyhash00000000000000000360";"2024-12-09 08:47:09"
861;"Dominic";"Garg";"dominic.garg.361@gmail.com";"+917090895927";"$2b$10$dummyhash00000000000000000361";"2025-07-25 17:36:09"
862;"Farhan";"Oommen";"farhan.oommen.362@gmail.com";"+918326901869";"$2b$10$dummyhash00000000000000000362";"2026-08-26 03:57:09"
863;"Amruta";"Dubey";"amruta.dubey.363@gmail.com";"+918388872360";"$2b$10$dummyhash00000000000000000363";"2026-06-16 05:18:09"
864;"Dakshesh";"Sathe";"dakshesh.sathe.364@gmail.com";"+918322313764";"$2b$10$dummyhash00000000000000000364";"2025-08-28 09:29:09"
865;"Zinal";"Barman";"zinal.barman.365@gmail.com";"+918345293258";"$2b$10$dummyhash00000000000000000365";"2026-07-21 16:51:09"
866;"Chatresh";"Bandi";"chatresh.bandi.366@gmail.com";"+918505304537";"$2b$10$dummyhash00000000000000000366";"2024-10-17 03:52:09"
867;"Raksha";"Wali";"raksha.wali.367@gmail.com";"+917382632601";"$2b$10$dummyhash00000000000000000367";"2026-03-05 12:49:09"
868;"Nirja";"Wason";"nirja.wason.368@gmail.com";"+919920789348";"$2b$10$dummyhash00000000000000000368";"2025-04-07 14:24:09"
869;"Dayita";"Patel";"dayita.patel.369@gmail.com";"+917549940290";"$2b$10$dummyhash00000000000000000369";"2026-01-12 08:08:09"
870;"Brinda";"Deshmukh";"brinda.deshmukh.370@gmail.com";"+918737058879";"$2b$10$dummyhash00000000000000000370";"2025-10-17 19:11:09"
871;"Ucchal";"Natarajan";"ucchal.natarajan.371@gmail.com";"+918211602493";"$2b$10$dummyhash00000000000000000371";"2025-11-08 14:24:09"
872;"Ishanvi";"Boase";"ishanvi.boase.372@gmail.com";"+919220416592";"$2b$10$dummyhash00000000000000000372";"2025-08-20 17:03:09"
873;"Abha";"Master";"abha.master.373@gmail.com";"+918464742953";"$2b$10$dummyhash00000000000000000373";"2026-07-26 09:57:09"
874;"Ijaya";"Chauhan";"ijaya.chauhan.374@gmail.com";"+917519424540";"$2b$10$dummyhash00000000000000000374";"2025-02-24 17:33:09"
875;"Zayyan";"Puri";"zayyan.puri.375@gmail.com";"+917283877421";"$2b$10$dummyhash00000000000000000375";"2025-02-14 20:47:09"
876;"Dhriti";"Shetty";"dhriti.shetty.376@gmail.com";"+919987223733";"$2b$10$dummyhash00000000000000000376";"2024-10-20 19:37:09"
877;"Priya";"Ravel";"priya.ravel.377@gmail.com";"+918730489605";"$2b$10$dummyhash00000000000000000377";"2025-07-21 22:13:09"
878;"Ojas";"Maharaj";"ojas.maharaj.378@gmail.com";"+917923960117";"$2b$10$dummyhash00000000000000000378";"2025-10-04 19:11:09"
879;"Jack";"Doctor";"jack.doctor.379@gmail.com";"+919933513482";"$2b$10$dummyhash00000000000000000379";"2024-10-17 13:53:09"
880;"Omkaar";"Aggarwal";"omkaar.aggarwal.380@gmail.com";"+916818832202";"$2b$10$dummyhash00000000000000000380";"2025-08-31 06:31:09"
881;"Sachi";"Patel";"sachi.patel.381@gmail.com";"+919499080017";"$2b$10$dummyhash00000000000000000381";"2025-04-01 08:45:09"
882;"Qushi";"Loke";"qushi.loke.382@gmail.com";"+918987932107";"$2b$10$dummyhash00000000000000000382";"2026-05-20 04:02:09"
883;"Nathaniel";"Murthy";"nathaniel.murthy.383@gmail.com";"+916967976165";"$2b$10$dummyhash00000000000000000383";"2025-07-31 00:50:09"
884;"Ranbir";"Dave";"ranbir.dave.384@gmail.com";"+918892263542";"$2b$10$dummyhash00000000000000000384";"2024-10-02 08:56:09"
885;"Chandresh";"Bera";"chandresh.bera.385@gmail.com";"+918520913309";"$2b$10$dummyhash00000000000000000385";"2025-06-05 17:20:09"
886;"Omkaar";"Wason";"omkaar.wason.386@gmail.com";"+916278732238";"$2b$10$dummyhash00000000000000000386";"2026-01-03 05:22:09"
887;"Matthew";"Bhasin";"matthew.bhasin.387@gmail.com";"+919009363367";"$2b$10$dummyhash00000000000000000387";"2026-01-23 13:08:09"
888;"Chakrika";"Pandit";"chakrika.pandit.388@gmail.com";"+916362292686";"$2b$10$dummyhash00000000000000000388";"2025-08-20 07:05:09"
889;"Triya";"Patla";"triya.patla.389@gmail.com";"+918886499408";"$2b$10$dummyhash00000000000000000389";"2026-02-15 18:13:09"
890;"Darika";"Kunda";"darika.kunda.390@gmail.com";"+918834524382";"$2b$10$dummyhash00000000000000000390";"2024-12-20 20:12:09"
891;"Ekbal";"Issac";"ekbal.issac.391@gmail.com";"+916251741987";"$2b$10$dummyhash00000000000000000391";"2024-11-07 16:10:09"
892;"Isha";"Boase";"isha.boase.392@gmail.com";"+917772980911";"$2b$10$dummyhash00000000000000000392";"2025-12-28 20:07:09"
893;"Ekavir";"Koshy";"ekavir.koshy.393@gmail.com";"+918398928659";"$2b$10$dummyhash00000000000000000393";"2024-10-09 04:19:09"
894;"Saanvi";"Khanna";"saanvi.khanna.394@gmail.com";"+918132346773";"$2b$10$dummyhash00000000000000000394";"2025-12-02 15:10:09"
895;"Amara";"Mann";"amara.mann.395@gmail.com";"+918329321808";"$2b$10$dummyhash00000000000000000395";"2026-05-14 11:35:09"
896;"Chandran";"Thakkar";"chandran.thakkar.396@gmail.com";"+919420065624";"$2b$10$dummyhash00000000000000000396";"2024-11-25 21:17:09"
897;"Qushi";"Nigam";"qushi.nigam.397@gmail.com";"+916335256529";"$2b$10$dummyhash00000000000000000397";"2025-08-03 21:55:09"
898;"Unni";"Bhalla";"unni.bhalla.398@gmail.com";"+916321913762";"$2b$10$dummyhash00000000000000000398";"2025-09-26 23:04:09"
899;"Kashvi";"Natt";"kashvi.natt.399@gmail.com";"+917284517670";"$2b$10$dummyhash00000000000000000399";"2025-12-30 10:43:09"
900;"Vanya";"Swaminathan";"vanya.swaminathan.400@gmail.com";"+919597897323";"$2b$10$dummyhash00000000000000000400";"2026-04-17 02:29:09"
901;"Baghyawati";"Yadav";"baghyawati.yadav.401@gmail.com";"+919359392942";"$2b$10$dummyhash00000000000000000401";"2025-09-29 08:59:09"
902;"Vinaya";"Agarwal";"vinaya.agarwal.402@gmail.com";"+917858214559";"$2b$10$dummyhash00000000000000000402";"2026-07-02 05:03:09"
903;"Kashvi";"Krishnamurthy";"kashvi.krishnamurthy.403@gmail.com";"+917868293881";"$2b$10$dummyhash00000000000000000403";"2025-12-09 13:23:09"
904;"Upma";"Gopal";"upma.gopal.404@gmail.com";"+917565864615";"$2b$10$dummyhash00000000000000000404";"2026-04-03 23:25:09"
905;"Veer";"Ram";"veer.ram.405@gmail.com";"+919348520506";"$2b$10$dummyhash00000000000000000405";"2025-11-06 20:16:09"
906;"Rajata";"Nagi";"rajata.nagi.406@gmail.com";"+918445500018";"$2b$10$dummyhash00000000000000000406";"2024-11-11 21:39:09"
907;"Anusha";"Cherian";"anusha.cherian.407@gmail.com";"+918375505361";"$2b$10$dummyhash00000000000000000407";"2025-07-08 11:40:09"
908;"Harini";"Chowdhury";"harini.chowdhury.408@gmail.com";"+917733989886";"$2b$10$dummyhash00000000000000000408";"2026-05-20 10:08:09"
909;"Gavin";"Chhabra";"gavin.chhabra.409@gmail.com";"+916686699831";"$2b$10$dummyhash00000000000000000409";"2025-07-20 00:28:09"
910;"Aarini";"Sarin";"aarini.sarin.410@gmail.com";"+919542501605";"$2b$10$dummyhash00000000000000000410";"2026-05-17 13:38:09"
911;"Wahab";"Goel";"wahab.goel.411@gmail.com";"+919114947432";"$2b$10$dummyhash00000000000000000411";"2026-01-09 09:57:09"
912;"Parth";"Agrawal";"parth.agrawal.412@gmail.com";"+916478687400";"$2b$10$dummyhash00000000000000000412";"2026-06-25 16:27:09"
913;"Yadavi";"Mani";"yadavi.mani.413@gmail.com";"+917802446725";"$2b$10$dummyhash00000000000000000413";"2025-07-13 21:39:09"
914;"Neel";"Oommen";"neel.oommen.414@gmail.com";"+919017053459";"$2b$10$dummyhash00000000000000000414";"2026-07-24 19:05:09"
915;"Reyansh";"Das";"reyansh.das.415@gmail.com";"+919924975851";"$2b$10$dummyhash00000000000000000415";"2026-04-14 04:52:09"
916;"Ojas";"Murty";"ojas.murty.416@gmail.com";"+916210343703";"$2b$10$dummyhash00000000000000000416";"2026-01-11 04:51:09"
917;"Aditya";"Om";"aditya.om.417@gmail.com";"+917210365860";"$2b$10$dummyhash00000000000000000417";"2025-06-03 22:37:09"
918;"Vaishnavi";"Guha";"vaishnavi.guha.418@gmail.com";"+917845742228";"$2b$10$dummyhash00000000000000000418";"2026-08-05 22:58:09"
919;"Sara";"Bhakta";"sara.bhakta.419@gmail.com";"+919987375221";"$2b$10$dummyhash00000000000000000419";"2026-03-12 20:18:09"
920;"Varenya";"Desai";"varenya.desai.420@gmail.com";"+919112247377";"$2b$10$dummyhash00000000000000000420";"2026-01-26 16:09:09"
921;"Anay";"Menon";"anay.menon.421@gmail.com";"+918634196569";"$2b$10$dummyhash00000000000000000421";"2026-03-31 22:54:09"
922;"Yashodhara";"Gokhale";"yashodhara.gokhale.422@gmail.com";"+919233444193";"$2b$10$dummyhash00000000000000000422";"2025-10-02 09:38:09"
923;"Henry";"Dora";"henry.dora.423@gmail.com";"+918568460341";"$2b$10$dummyhash00000000000000000423";"2025-09-07 21:17:09"
924;"Widisha";"Mukhopadhyay";"widisha.mukhopadhyay.424@gmail.com";"+916213299540";"$2b$10$dummyhash00000000000000000424";"2024-10-03 01:03:09"
925;"Charita";"Batta";"charita.batta.425@gmail.com";"+919269975841";"$2b$10$dummyhash00000000000000000425";"2025-01-13 11:46:09"
926;"Madhavi";"Ganesh";"madhavi.ganesh.426@gmail.com";"+917076852069";"$2b$10$dummyhash00000000000000000426";"2025-04-16 04:35:09"
927;"Luke";"Prashad";"luke.prashad.427@gmail.com";"+917691669503";"$2b$10$dummyhash00000000000000000427";"2024-10-04 03:49:09"
928;"Aditya";"Srinivasan";"aditya.srinivasan.428@gmail.com";"+917781355782";"$2b$10$dummyhash00000000000000000428";"2025-09-29 00:18:09"
929;"Rachita";"Ray";"rachita.ray.429@gmail.com";"+916973462431";"$2b$10$dummyhash00000000000000000429";"2025-10-06 00:46:09"
930;"Amol";"Balasubramanian";"amol.balasubramanian.430@gmail.com";"+916176774535";"$2b$10$dummyhash00000000000000000430";"2026-08-02 19:40:09"
931;"Nitesh";"Majumdar";"nitesh.majumdar.431@gmail.com";"+917995686136";"$2b$10$dummyhash00000000000000000431";"2026-03-06 16:43:09"
932;"Nidra";"Handa";"nidra.handa.432@gmail.com";"+919240197209";"$2b$10$dummyhash00000000000000000432";"2025-12-22 16:41:09"
933;"Yasti";"Sule";"yasti.sule.433@gmail.com";"+918544285982";"$2b$10$dummyhash00000000000000000433";"2026-03-05 15:56:09"
934;"Lajita";"Khanna";"lajita.khanna.434@gmail.com";"+919012894261";"$2b$10$dummyhash00000000000000000434";"2024-11-02 19:30:09"
935;"Harita";"Zachariah";"harita.zachariah.435@gmail.com";"+916452026610";"$2b$10$dummyhash00000000000000000435";"2025-02-16 18:30:09"
936;"Udarsh";"Parsa";"udarsh.parsa.436@gmail.com";"+919315042304";"$2b$10$dummyhash00000000000000000436";"2026-03-17 00:58:09"
937;"Balhaar";"Anand";"balhaar.anand.437@gmail.com";"+918614971407";"$2b$10$dummyhash00000000000000000437";"2025-08-10 22:19:09"
938;"Manan";"Arya";"manan.arya.438@gmail.com";"+919332063897";"$2b$10$dummyhash00000000000000000438";"2026-03-14 19:21:09"
939;"Karan";"Jayaraman";"karan.jayaraman.439@gmail.com";"+916207125116";"$2b$10$dummyhash00000000000000000439";"2025-03-16 03:56:09"
940;"Anita";"Kohli";"anita.kohli.440@gmail.com";"+916606318827";"$2b$10$dummyhash00000000000000000440";"2024-10-08 03:30:09"
941;"Faqid";"Suri";"faqid.suri.441@gmail.com";"+916308661373";"$2b$10$dummyhash00000000000000000441";"2024-11-02 10:40:09"
942;"Nitara";"Bhasin";"nitara.bhasin.442@gmail.com";"+916431456056";"$2b$10$dummyhash00000000000000000442";"2026-06-28 12:30:09"
943;"Sneha";"Pingle";"sneha.pingle.443@gmail.com";"+919331465203";"$2b$10$dummyhash00000000000000000443";"2024-10-04 13:03:09"
944;"Aarush";"Kala";"aarush.kala.444@gmail.com";"+918621977111";"$2b$10$dummyhash00000000000000000444";"2025-12-28 15:42:09"
945;"Peter";"Jayaraman";"peter.jayaraman.445@gmail.com";"+916171496992";"$2b$10$dummyhash00000000000000000445";"2026-04-29 15:07:09"
946;"Ijaya";"Balakrishnan";"ijaya.balakrishnan.446@gmail.com";"+919507619237";"$2b$10$dummyhash00000000000000000446";"2026-06-25 14:41:09"
947;"Chakrika";"Dubey";"chakrika.dubey.447@gmail.com";"+919584426205";"$2b$10$dummyhash00000000000000000447";"2025-06-01 15:33:09"
948;"Zarna";"Suresh";"zarna.suresh.448@gmail.com";"+918572694113";"$2b$10$dummyhash00000000000000000448";"2025-01-06 11:24:09"
949;"Leena";"Chakraborty";"leena.chakraborty.449@gmail.com";"+919282408371";"$2b$10$dummyhash00000000000000000449";"2026-05-09 12:04:09"
950;"Jeremiah";"Sodhi";"jeremiah.sodhi.450@gmail.com";"+918750456283";"$2b$10$dummyhash00000000000000000450";"2025-01-12 19:29:09"
951;"Faras";"Mittal";"faras.mittal.451@gmail.com";"+919920938393";"$2b$10$dummyhash00000000000000000451";"2025-08-10 12:38:09"
952;"Qadim";"Tandon";"qadim.tandon.452@gmail.com";"+917180695787";"$2b$10$dummyhash00000000000000000452";"2025-10-06 11:39:09"
953;"Vaishnavi";"Master";"vaishnavi.master.453@gmail.com";"+918318430092";"$2b$10$dummyhash00000000000000000453";"2026-01-25 04:59:09"
954;"Christopher";"Sood";"christopher.sood.454@gmail.com";"+918291306060";"$2b$10$dummyhash00000000000000000454";"2025-05-27 03:34:09"
955;"Chaitaly";"Batra";"chaitaly.batra.455@gmail.com";"+918346820145";"$2b$10$dummyhash00000000000000000455";"2025-10-23 20:43:09"
956;"Jagvi";"Bhavsar";"jagvi.bhavsar.456@gmail.com";"+919293344787";"$2b$10$dummyhash00000000000000000456";"2026-08-26 07:11:09"
957;"Farhan";"Pandit";"farhan.pandit.457@gmail.com";"+917123317960";"$2b$10$dummyhash00000000000000000457";"2025-03-06 10:05:09"
958;"Prisha";"Barad";"prisha.barad.458@gmail.com";"+918619543412";"$2b$10$dummyhash00000000000000000458";"2025-07-05 04:52:09"
959;"Indrajit";"Garde";"indrajit.garde.459@gmail.com";"+917852318542";"$2b$10$dummyhash00000000000000000459";"2026-06-08 09:01:09"
960;"Kabir";"Basu";"kabir.basu.460@gmail.com";"+919705504547";"$2b$10$dummyhash00000000000000000460";"2025-09-08 13:16:09"
961;"Vedant";"Saini";"vedant.saini.461@gmail.com";"+916484617667";"$2b$10$dummyhash00000000000000000461";"2026-06-20 05:31:09"
962;"Chandresh";"Bose";"chandresh.bose.462@gmail.com";"+917153077606";"$2b$10$dummyhash00000000000000000462";"2026-02-18 10:12:09"
963;"Chandani";"Bath";"chandani.bath.463@gmail.com";"+919776980108";"$2b$10$dummyhash00000000000000000463";"2026-07-12 07:18:09"
964;"Odika";"Pillay";"odika.pillay.464@gmail.com";"+917091913348";"$2b$10$dummyhash00000000000000000464";"2025-06-10 05:38:09"
965;"Gauri";"Varma";"gauri.varma.465@gmail.com";"+916275675623";"$2b$10$dummyhash00000000000000000465";"2025-11-29 18:21:09"
966;"Chaman";"Raju";"chaman.raju.466@gmail.com";"+919138458257";"$2b$10$dummyhash00000000000000000466";"2024-09-30 07:19:09"
967;"Aachal";"Rama";"aachal.rama.467@gmail.com";"+919052011292";"$2b$10$dummyhash00000000000000000467";"2025-07-15 10:30:09"
968;"Alexander";"Acharya";"alexander.acharya.468@gmail.com";"+916039160944";"$2b$10$dummyhash00000000000000000468";"2025-11-01 10:17:09"
969;"Udyati";"Karan";"udyati.karan.469@gmail.com";"+917302659987";"$2b$10$dummyhash00000000000000000469";"2025-12-22 17:58:09"
970;"Ekaraj";"Puri";"ekaraj.puri.470@gmail.com";"+919614190311";"$2b$10$dummyhash00000000000000000470";"2026-03-01 12:11:09"
971;"Isha";"Loyal";"isha.loyal.471@gmail.com";"+916519097663";"$2b$10$dummyhash00000000000000000471";"2025-12-01 09:41:09"
972;"Balendra";"Bawa";"balendra.bawa.472@gmail.com";"+916480631050";"$2b$10$dummyhash00000000000000000472";"2025-09-01 15:34:09"
973;"Falak";"Shukla";"falak.shukla.473@gmail.com";"+918820858990";"$2b$10$dummyhash00000000000000000473";"2025-02-06 19:21:09"
974;"Deepa";"Nagy";"deepa.nagy.474@gmail.com";"+917731407610";"$2b$10$dummyhash00000000000000000474";"2025-09-29 14:46:09"
975;"Onkar";"Dugar";"onkar.dugar.475@gmail.com";"+917761481326";"$2b$10$dummyhash00000000000000000475";"2025-06-18 04:34:09"
976;"Hemangini";"Talwar";"hemangini.talwar.476@gmail.com";"+919386859508";"$2b$10$dummyhash00000000000000000476";"2026-07-08 18:49:09"
977;"Girindra";"Patel";"girindra.patel.477@gmail.com";"+917430463592";"$2b$10$dummyhash00000000000000000477";"2026-08-24 01:33:09"
978;"Timothy";"Mutti";"timothy.mutti.478@gmail.com";"+919594534715";"$2b$10$dummyhash00000000000000000478";"2026-05-11 04:37:09"
979;"Charles";"Mody";"charles.mody.479@gmail.com";"+918467488174";"$2b$10$dummyhash00000000000000000479";"2025-03-20 16:33:09"
980;"Abhimanyu";"Varma";"abhimanyu.varma.480@gmail.com";"+917878863483";"$2b$10$dummyhash00000000000000000480";"2026-04-26 02:35:09"
981;"Bhavani";"Chowdhury";"bhavani.chowdhury.481@gmail.com";"+916678535980";"$2b$10$dummyhash00000000000000000481";"2025-07-26 15:55:09"
982;"Janani";"Bera";"janani.bera.482@gmail.com";"+916491211470";"$2b$10$dummyhash00000000000000000482";"2026-04-04 19:26:09"
983;"Kevin";"Balasubramanian";"kevin.balasubramanian.483@gmail.com";"+918866264443";"$2b$10$dummyhash00000000000000000483";"2025-11-26 06:52:09"
984;"Anjali";"Karan";"anjali.karan.484@gmail.com";"+919697702380";"$2b$10$dummyhash00000000000000000484";"2024-12-15 00:21:09"
985;"Irya";"Wason";"irya.wason.485@gmail.com";"+917044123313";"$2b$10$dummyhash00000000000000000485";"2024-10-11 14:44:09"
986;"Andrew";"Mistry";"andrew.mistry.486@gmail.com";"+917831940907";"$2b$10$dummyhash00000000000000000486";"2025-09-17 11:47:09"
987;"Ladli";"Raman";"ladli.raman.487@gmail.com";"+919975300822";"$2b$10$dummyhash00000000000000000487";"2026-06-18 22:44:09"
988;"Sara";"Nadkarni";"sara.nadkarni.488@gmail.com";"+916504132263";"$2b$10$dummyhash00000000000000000488";"2026-04-25 03:40:09"
989;"Abhimanyu";"Dave";"abhimanyu.dave.489@gmail.com";"+917403632531";"$2b$10$dummyhash00000000000000000489";"2025-09-17 13:35:09"
990;"Chaaya";"Halder";"chaaya.halder.490@gmail.com";"+916174722848";"$2b$10$dummyhash00000000000000000490";"2026-08-09 01:27:09"
991;"Indira";"Palan";"indira.palan.491@gmail.com";"+918063047019";"$2b$10$dummyhash00000000000000000491";"2024-11-09 09:13:09"
992;"Xiti";"Mander";"xiti.mander.492@gmail.com";"+917874438964";"$2b$10$dummyhash00000000000000000492";"2025-12-03 14:03:09"
993;"Oeshi";"Char";"oeshi.char.493@gmail.com";"+917683974933";"$2b$10$dummyhash00000000000000000493";"2025-10-26 16:17:09"
994;"Shravya";"Dhar";"shravya.dhar.494@gmail.com";"+918454969300";"$2b$10$dummyhash00000000000000000494";"2025-08-15 23:42:09"
995;"Umang";"Raja";"umang.raja.495@gmail.com";"+918335180418";"$2b$10$dummyhash00000000000000000495";"2025-08-09 03:11:09"
996;"Forum";"Mital";"forum.mital.496@gmail.com";"+918438031459";"$2b$10$dummyhash00000000000000000496";"2025-10-27 13:39:09"
997;"Yug";"Sarkar";"yug.sarkar.497@gmail.com";"+919524986946";"$2b$10$dummyhash00000000000000000497";"2024-10-14 10:00:09"
998;"Ansh";"Bhattacharyya";"ansh.bhattacharyya.498@gmail.com";"+918612378613";"$2b$10$dummyhash00000000000000000498";"2026-01-30 01:21:09"
999;"Victor";"Raghavan";"victor.raghavan.499@gmail.com";"+918660127007";"$2b$10$dummyhash00000000000000000499";"2026-04-13 15:59:09"
1000;"Shivansh";"Dutt";"shivansh.dutt.500@gmail.com";"+916397538679";"$2b$10$dummyhash00000000000000000500";"2025-05-03 07:51:09"
1001;"Chandran";"Chad";"chandran.chad.501@gmail.com";"+919250750895";"$2b$10$dummyhash00000000000000000501";"2025-06-03 08:04:09"
1002;"Janani";"Pradhan";"janani.pradhan.502@gmail.com";"+917572418727";"$2b$10$dummyhash00000000000000000502";"2026-03-14 20:05:09"
1003;"Hritik";"Grover";"hritik.grover.503@gmail.com";"+918939070183";"$2b$10$dummyhash00000000000000000503";"2025-02-21 16:19:09"
1004;"Daniel";"Brahmbhatt";"daniel.brahmbhatt.504@gmail.com";"+918246628194";"$2b$10$dummyhash00000000000000000504";"2024-10-18 18:35:09"
1005;"Arin";"Sachar";"arin.sachar.505@gmail.com";"+917117865001";"$2b$10$dummyhash00000000000000000505";"2026-05-28 06:33:09"
1006;"Wahab";"Bir";"wahab.bir.506@gmail.com";"+918576618027";"$2b$10$dummyhash00000000000000000506";"2025-10-16 23:48:09"
1007;"Radha";"Taneja";"radha.taneja.507@gmail.com";"+916583723080";"$2b$10$dummyhash00000000000000000507";"2025-05-14 15:15:09"
1008;"Advika";"Choudhury";"advika.choudhury.508@gmail.com";"+918775805050";"$2b$10$dummyhash00000000000000000508";"2025-10-27 18:55:09"
1009;"Anay";"Chaudry";"anay.chaudry.509@gmail.com";"+917978735054";"$2b$10$dummyhash00000000000000000509";"2025-06-10 16:06:09"
1010;"Ronith";"Brahmbhatt";"ronith.brahmbhatt.510@gmail.com";"+918208829375";"$2b$10$dummyhash00000000000000000510";"2025-08-24 02:43:09"
1011;"Kritika";"Lanka";"kritika.lanka.511@gmail.com";"+917520811623";"$2b$10$dummyhash00000000000000000511";"2025-07-06 22:01:09"
1012;"Falan";"Nanda";"falan.nanda.512@gmail.com";"+917600641441";"$2b$10$dummyhash00000000000000000512";"2024-11-26 10:19:09"
1013;"Ishaan";"Mistry";"ishaan.mistry.513@gmail.com";"+918998932473";"$2b$10$dummyhash00000000000000000513";"2026-07-12 11:47:09"
1014;"Vivaan";"Khosla";"vivaan.khosla.514@gmail.com";"+919374468416";"$2b$10$dummyhash00000000000000000514";"2026-07-21 00:05:09"
1015;"Saumya";"Dave";"saumya.dave.515@gmail.com";"+916214311781";"$2b$10$dummyhash00000000000000000515";"2026-01-27 23:50:09"
1016;"Vasudha";"Naik";"vasudha.naik.516@gmail.com";"+918113616209";"$2b$10$dummyhash00000000000000000516";"2025-07-02 20:11:09"
1017;"Chaaya";"Jaggi";"chaaya.jaggi.517@gmail.com";"+917978751168";"$2b$10$dummyhash00000000000000000517";"2025-06-21 18:07:09"
1018;"Rachita";"Bhagat";"rachita.bhagat.518@gmail.com";"+919225335458";"$2b$10$dummyhash00000000000000000518";"2025-11-12 06:10:09"
1019;"Radha";"Date";"radha.date.519@gmail.com";"+919155250762";"$2b$10$dummyhash00000000000000000519";"2026-01-05 19:44:09"
1020;"Radhika";"Kumar";"radhika.kumar.520@gmail.com";"+917872600960";"$2b$10$dummyhash00000000000000000520";"2026-02-16 01:34:09"
1021;"Lucky";"Patla";"lucky.patla.521@gmail.com";"+919205802676";"$2b$10$dummyhash00000000000000000521";"2026-07-23 19:39:09"
1022;"Lohit";"Mangal";"lohit.mangal.522@gmail.com";"+916812876125";"$2b$10$dummyhash00000000000000000522";"2025-09-10 04:25:09"
1023;"Yashvi";"Ravel";"yashvi.ravel.523@gmail.com";"+917715596603";"$2b$10$dummyhash00000000000000000523";"2024-11-01 00:41:09"
1024;"Samarth";"Swamy";"samarth.swamy.524@gmail.com";"+916783187422";"$2b$10$dummyhash00000000000000000524";"2025-03-14 15:12:09"
1025;"Netra";"Char";"netra.char.525@gmail.com";"+916378326894";"$2b$10$dummyhash00000000000000000525";"2026-05-10 16:57:09"
1026;"Aashi";"Bawa";"aashi.bawa.526@gmail.com";"+919610399359";"$2b$10$dummyhash00000000000000000526";"2025-01-11 17:17:09"
1027;"Nathaniel";"Ramaswamy";"nathaniel.ramaswamy.527@gmail.com";"+919598614923";"$2b$10$dummyhash00000000000000000527";"2026-07-01 04:51:09"
1028;"Hardik";"Dhawan";"hardik.dhawan.528@gmail.com";"+918450768551";"$2b$10$dummyhash00000000000000000528";"2025-11-18 20:16:09"
1029;"Zarna";"Kapur";"zarna.kapur.529@gmail.com";"+919013651594";"$2b$10$dummyhash00000000000000000529";"2025-05-13 22:29:09"
1030;"Anusha";"Kapadia";"anusha.kapadia.530@gmail.com";"+919841026358";"$2b$10$dummyhash00000000000000000530";"2025-03-19 07:35:09"
1031;"Isaac";"Bhat";"isaac.bhat.531@gmail.com";"+919336369025";"$2b$10$dummyhash00000000000000000531";"2026-06-23 01:01:09"
1032;"Dalbir";"Saini";"dalbir.saini.532@gmail.com";"+917362407991";"$2b$10$dummyhash00000000000000000532";"2025-04-17 21:43:09"
1033;"Mohini";"Tella";"mohini.tella.533@gmail.com";"+917940871338";"$2b$10$dummyhash00000000000000000533";"2025-06-17 05:32:09"
1034;"Azad";"Chaudhary";"azad.chaudhary.534@gmail.com";"+917901466289";"$2b$10$dummyhash00000000000000000534";"2025-12-29 03:28:09"
1035;"Karan";"Samra";"karan.samra.535@gmail.com";"+917195586766";"$2b$10$dummyhash00000000000000000535";"2025-02-05 14:03:09"
1036;"Damini";"Bawa";"damini.bawa.536@gmail.com";"+916572134992";"$2b$10$dummyhash00000000000000000536";"2026-07-25 18:27:09"
1037;"Tristan";"Sami";"tristan.sami.537@gmail.com";"+917516270880";"$2b$10$dummyhash00000000000000000537";"2025-12-20 17:11:09"
1038;"Dipta";"Manda";"dipta.manda.538@gmail.com";"+916653433780";"$2b$10$dummyhash00000000000000000538";"2024-11-28 15:31:09"
1039;"Raksha";"Zacharia";"raksha.zacharia.539@gmail.com";"+917719029465";"$2b$10$dummyhash00000000000000000539";"2026-05-08 04:00:09"
1040;"Qushi";"Bahri";"qushi.bahri.540@gmail.com";"+918567223385";"$2b$10$dummyhash00000000000000000540";"2026-07-15 22:24:09"
1041;"Teerth";"Gaba";"teerth.gaba.541@gmail.com";"+918097991860";"$2b$10$dummyhash00000000000000000541";"2026-07-22 15:08:09"
1042;"Sarthak";"Bobal";"sarthak.bobal.542@gmail.com";"+918341986498";"$2b$10$dummyhash00000000000000000542";"2024-10-10 12:56:09"
1043;"Bachittar";"Dhawan";"bachittar.dhawan.543@gmail.com";"+918889537849";"$2b$10$dummyhash00000000000000000543";"2025-07-29 08:07:09"
1044;"Anita";"Nagi";"anita.nagi.544@gmail.com";"+919154923896";"$2b$10$dummyhash00000000000000000544";"2025-02-13 05:04:09"
1045;"Zashil";"Viswanathan";"zashil.viswanathan.545@gmail.com";"+916876756773";"$2b$10$dummyhash00000000000000000545";"2025-04-25 05:14:09"
1046;"Hemangini";"Bawa";"hemangini.bawa.546@gmail.com";"+918577841649";"$2b$10$dummyhash00000000000000000546";"2024-12-18 01:49:09"
1047;"Liam";"Johal";"liam.johal.547@gmail.com";"+917995883408";"$2b$10$dummyhash00000000000000000547";"2025-03-18 04:34:09"
1048;"Megha";"Krishna";"megha.krishna.548@gmail.com";"+918535360730";"$2b$10$dummyhash00000000000000000548";"2025-09-18 02:17:09"
1049;"Vedika";"Sampath";"vedika.sampath.549@gmail.com";"+918680200907";"$2b$10$dummyhash00000000000000000549";"2025-09-20 07:36:09"
1050;"Meera";"Sarraf";"meera.sarraf.550@gmail.com";"+917506923258";"$2b$10$dummyhash00000000000000000550";"2025-02-13 22:07:09"
1051;"Ishita";"Sachdeva";"ishita.sachdeva.551@gmail.com";"+916935946642";"$2b$10$dummyhash00000000000000000551";"2026-04-06 08:12:09"
1052;"Ekiya";"Karan";"ekiya.karan.552@gmail.com";"+919589189053";"$2b$10$dummyhash00000000000000000552";"2026-04-13 15:52:09"
1053;"Edhitha";"Yogi";"edhitha.yogi.553@gmail.com";"+917405714839";"$2b$10$dummyhash00000000000000000553";"2026-06-12 05:03:09"
1054;"Maya";"Barman";"maya.barman.554@gmail.com";"+919823867455";"$2b$10$dummyhash00000000000000000554";"2025-05-19 05:39:09"
1055;"Arin";"Sundaram";"arin.sundaram.555@gmail.com";"+918225169984";"$2b$10$dummyhash00000000000000000555";"2025-01-31 15:45:09"
1056;"Ucchal";"Gara";"ucchal.gara.556@gmail.com";"+918099926869";"$2b$10$dummyhash00000000000000000556";"2025-12-28 12:37:09"
1057;"Baljiwan";"Sen";"baljiwan.sen.557@gmail.com";"+916247580073";"$2b$10$dummyhash00000000000000000557";"2024-11-12 12:56:09"
1058;"Wyatt";"Bandi";"wyatt.bandi.558@gmail.com";"+917806024148";"$2b$10$dummyhash00000000000000000558";"2024-10-03 19:46:09"
1059;"Vamakshi";"Garde";"vamakshi.garde.559@gmail.com";"+919171294195";"$2b$10$dummyhash00000000000000000559";"2025-07-17 10:02:09"
1060;"Faraj";"Khosla";"faraj.khosla.560@gmail.com";"+917941331168";"$2b$10$dummyhash00000000000000000560";"2025-10-16 03:45:09"
1061;"Henry";"Dutt";"henry.dutt.561@gmail.com";"+919300234946";"$2b$10$dummyhash00000000000000000561";"2024-12-29 16:46:09"
1062;"Tanay";"Prabhu";"tanay.prabhu.562@gmail.com";"+918876583063";"$2b$10$dummyhash00000000000000000562";"2026-07-11 06:07:09"
1063;"Naveen";"Bava";"naveen.bava.563@gmail.com";"+919437548756";"$2b$10$dummyhash00000000000000000563";"2024-10-22 20:06:09"
1064;"Zaitra";"Sidhu";"zaitra.sidhu.564@gmail.com";"+916106147716";"$2b$10$dummyhash00000000000000000564";"2025-07-09 04:36:09"
1065;"Wyatt";"Dhaliwal";"wyatt.dhaliwal.565@gmail.com";"+916356480351";"$2b$10$dummyhash00000000000000000565";"2026-02-18 06:10:09"
1066;"Udyati";"Bora";"udyati.bora.566@gmail.com";"+918893815916";"$2b$10$dummyhash00000000000000000566";"2025-07-30 02:01:09"
1067;"Yagnesh";"Tandon";"yagnesh.tandon.567@gmail.com";"+919372698411";"$2b$10$dummyhash00000000000000000567";"2025-06-01 13:15:09"
1068;"Harish";"Bhardwaj";"harish.bhardwaj.568@gmail.com";"+918976759138";"$2b$10$dummyhash00000000000000000568";"2025-10-04 03:33:09"
1069;"Oscar";"Garg";"oscar.garg.569@gmail.com";"+919976398851";"$2b$10$dummyhash00000000000000000569";"2026-05-05 03:10:09"
1070;"Krish";"Keer";"krish.keer.570@gmail.com";"+918784966683";"$2b$10$dummyhash00000000000000000570";"2024-09-25 05:48:09"
1071;"Faras";"Sheth";"faras.sheth.571@gmail.com";"+918034296263";"$2b$10$dummyhash00000000000000000571";"2025-03-05 03:42:09"
1072;"Balveer";"Dada";"balveer.dada.572@gmail.com";"+919171012289";"$2b$10$dummyhash00000000000000000572";"2026-07-17 10:38:09"
1073;"Girindra";"Borah";"girindra.borah.573@gmail.com";"+916393460165";"$2b$10$dummyhash00000000000000000573";"2025-05-29 13:32:09"
1074;"Darsh";"Chaudhuri";"darsh.chaudhuri.574@gmail.com";"+916851882040";"$2b$10$dummyhash00000000000000000574";"2025-05-03 04:00:09"
1075;"Varenya";"Sastry";"varenya.sastry.575@gmail.com";"+919692439429";"$2b$10$dummyhash00000000000000000575";"2025-10-25 08:40:09"
1076;"Faras";"Kade";"faras.kade.576@gmail.com";"+917166390009";"$2b$10$dummyhash00000000000000000576";"2024-11-24 02:52:09"
1077;"Hredhaan";"Iyer";"hredhaan.iyer.577@gmail.com";"+916704895847";"$2b$10$dummyhash00000000000000000577";"2025-11-23 16:45:09"
1078;"Indrajit";"Pradhan";"indrajit.pradhan.578@gmail.com";"+917381997651";"$2b$10$dummyhash00000000000000000578";"2026-06-12 08:45:09"
1079;"Nitesh";"Wagle";"nitesh.wagle.579@gmail.com";"+919624750499";"$2b$10$dummyhash00000000000000000579";"2026-05-05 04:04:09"
1080;"Anvi";"Nadig";"anvi.nadig.580@gmail.com";"+919452857272";"$2b$10$dummyhash00000000000000000580";"2025-12-23 06:57:09"
1081;"Ranbir";"Thaker";"ranbir.thaker.581@gmail.com";"+918312516968";"$2b$10$dummyhash00000000000000000581";"2026-06-19 00:36:09"
1082;"Sathvik";"Sarin";"sathvik.sarin.582@gmail.com";"+917954661811";"$2b$10$dummyhash00000000000000000582";"2026-05-06 20:51:09"
1083;"Sai";"Walla";"sai.walla.583@gmail.com";"+916846057875";"$2b$10$dummyhash00000000000000000583";"2025-03-23 21:53:09"
1084;"Sanaya";"Sibal";"sanaya.sibal.584@gmail.com";"+916541750288";"$2b$10$dummyhash00000000000000000584";"2025-01-28 09:23:09"
1085;"Chandani";"Sekhon";"chandani.sekhon.585@gmail.com";"+919564985867";"$2b$10$dummyhash00000000000000000585";"2026-06-20 11:13:09"
1086;"Aadi";"Padmanabhan";"aadi.padmanabhan.586@gmail.com";"+919038223420";"$2b$10$dummyhash00000000000000000586";"2025-08-27 08:38:09"
1087;"Aarnav";"Lal";"aarnav.lal.587@gmail.com";"+917788965237";"$2b$10$dummyhash00000000000000000587";"2026-01-28 09:09:09"
1088;"Aadhya";"Cheema";"aadhya.cheema.588@gmail.com";"+917823548575";"$2b$10$dummyhash00000000000000000588";"2025-01-19 01:30:09"
1089;"Nikita";"Roy";"nikita.roy.589@gmail.com";"+919486243839";"$2b$10$dummyhash00000000000000000589";"2025-01-13 11:13:09"
1090;"Charvi";"Sankar";"charvi.sankar.590@gmail.com";"+917678090903";"$2b$10$dummyhash00000000000000000590";"2024-10-24 17:32:09"
1091;"Faras";"Mishra";"faras.mishra.591@gmail.com";"+919431118896";"$2b$10$dummyhash00000000000000000591";"2026-08-16 12:23:09"
1092;"Neel";"Padmanabhan";"neel.padmanabhan.592@gmail.com";"+917416047770";"$2b$10$dummyhash00000000000000000592";"2025-11-24 01:14:09"
1093;"Lohit";"Chowdhury";"lohit.chowdhury.593@gmail.com";"+918832520086";"$2b$10$dummyhash00000000000000000593";"2026-07-20 15:39:09"
1094;"Dominic";"Prashad";"dominic.prashad.594@gmail.com";"+916019417744";"$2b$10$dummyhash00000000000000000594";"2025-07-04 05:20:09"
1095;"Amrita";"Goyal";"amrita.goyal.595@gmail.com";"+916104769864";"$2b$10$dummyhash00000000000000000595";"2026-07-19 17:06:09"
1096;"Wridesh";"Basu";"wridesh.basu.596@gmail.com";"+916428540278";"$2b$10$dummyhash00000000000000000596";"2025-09-20 00:54:09"
1097;"Hema";"Kumar";"hema.kumar.597@gmail.com";"+918013975575";"$2b$10$dummyhash00000000000000000597";"2025-02-24 23:19:09"
1098;"Rachana";"Rao";"rachana.rao.598@gmail.com";"+918306819241";"$2b$10$dummyhash00000000000000000598";"2026-06-18 09:45:09"
1099;"Zilmil";"Bhatt";"zilmil.bhatt.599@gmail.com";"+917704529273";"$2b$10$dummyhash00000000000000000599";"2026-04-21 22:37:09"
1100;"Adya";"Oommen";"adya.oommen.600@gmail.com";"+918303360295";"$2b$10$dummyhash00000000000000000600";"2026-03-02 13:20:09"
1101;"Mitali";"Kothari";"mitali.kothari.601@gmail.com";"+918979479983";"$2b$10$dummyhash00000000000000000601";"2024-12-27 12:31:09"
1102;"Aditya";"Manne";"aditya.manne.602@gmail.com";"+916677272795";"$2b$10$dummyhash00000000000000000602";"2025-01-23 13:33:09"
1103;"Utkarsh";"Mitter";"utkarsh.mitter.603@gmail.com";"+917675576950";"$2b$10$dummyhash00000000000000000603";"2026-05-08 02:16:09"
1104;"Wyatt";"Badami";"wyatt.badami.604@gmail.com";"+917386826551";"$2b$10$dummyhash00000000000000000604";"2025-10-15 15:35:09"
1105;"Samesh";"Ghosh";"samesh.ghosh.605@gmail.com";"+918596125584";"$2b$10$dummyhash00000000000000000605";"2025-08-01 21:57:09"
1106;"Ranveer";"Anand";"ranveer.anand.606@gmail.com";"+919848753024";"$2b$10$dummyhash00000000000000000606";"2025-08-17 07:24:09"
1107;"Jai";"Lala";"jai.lala.607@gmail.com";"+919921414547";"$2b$10$dummyhash00000000000000000607";"2025-01-19 23:07:09"
1108;"Alka";"Singhal";"alka.singhal.608@gmail.com";"+917042436452";"$2b$10$dummyhash00000000000000000608";"2026-04-27 23:33:09"
1109;"Isaac";"Panchal";"isaac.panchal.609@gmail.com";"+918233386240";"$2b$10$dummyhash00000000000000000609";"2025-03-17 06:20:09"
1110;"Fitan";"Rau";"fitan.rau.610@gmail.com";"+918167850378";"$2b$10$dummyhash00000000000000000610";"2025-04-11 17:30:09"
1111;"Ekiya";"Chawla";"ekiya.chawla.611@gmail.com";"+919894309922";"$2b$10$dummyhash00000000000000000611";"2025-04-02 19:56:09"
1112;"Mekhala";"Rout";"mekhala.rout.612@gmail.com";"+918876932675";"$2b$10$dummyhash00000000000000000612";"2024-12-14 10:44:09"
1113;"Panini";"Sama";"panini.sama.613@gmail.com";"+918564282578";"$2b$10$dummyhash00000000000000000613";"2025-09-04 10:47:09"
1114;"Champak";"Parikh";"champak.parikh.614@gmail.com";"+918616537148";"$2b$10$dummyhash00000000000000000614";"2025-03-20 11:26:09"
1115;"Gauri";"Agate";"gauri.agate.615@gmail.com";"+918247384302";"$2b$10$dummyhash00000000000000000615";"2025-07-28 03:14:09"
1116;"Yadavi";"Cheema";"yadavi.cheema.616@gmail.com";"+916252065487";"$2b$10$dummyhash00000000000000000616";"2024-11-02 00:41:09"
1117;"Radhika";"Vala";"radhika.vala.617@gmail.com";"+918419620244";"$2b$10$dummyhash00000000000000000617";"2024-12-04 19:42:09"
1118;"Chandran";"Sarkar";"chandran.sarkar.618@gmail.com";"+918506590956";"$2b$10$dummyhash00000000000000000618";"2024-10-21 09:54:09"
1119;"Jagdish";"Tata";"jagdish.tata.619@gmail.com";"+916449466853";"$2b$10$dummyhash00000000000000000619";"2025-03-12 08:24:09"
1120;"Nakul";"Ram";"nakul.ram.620@gmail.com";"+917633927569";"$2b$10$dummyhash00000000000000000620";"2025-06-13 02:41:09"
1121;"Faraj";"Lall";"faraj.lall.621@gmail.com";"+917945929296";"$2b$10$dummyhash00000000000000000621";"2025-06-15 17:56:09"
1122;"Ishwar";"Dey";"ishwar.dey.622@gmail.com";"+917169132365";"$2b$10$dummyhash00000000000000000622";"2026-03-01 20:56:09"
1123;"Amara";"Panchal";"amara.panchal.623@gmail.com";"+917817841608";"$2b$10$dummyhash00000000000000000623";"2026-04-23 04:33:09"
1124;"Daksha";"Wali";"daksha.wali.624@gmail.com";"+918222337959";"$2b$10$dummyhash00000000000000000624";"2024-11-20 19:43:09"
1125;"Xavier";"Chandran";"xavier.chandran.625@gmail.com";"+917474389867";"$2b$10$dummyhash00000000000000000625";"2024-09-30 06:43:09"
1126;"Rachana";"Sandhu";"rachana.sandhu.626@gmail.com";"+916232096653";"$2b$10$dummyhash00000000000000000626";"2025-10-14 14:46:09"
1127;"Gautami";"Kala";"gautami.kala.627@gmail.com";"+919783677714";"$2b$10$dummyhash00000000000000000627";"2026-06-06 08:32:09"
1128;"Lajita";"Bhavsar";"lajita.bhavsar.628@gmail.com";"+916999720175";"$2b$10$dummyhash00000000000000000628";"2025-04-18 11:49:09"
1129;"Rachita";"Dalal";"rachita.dalal.629@gmail.com";"+916721350798";"$2b$10$dummyhash00000000000000000629";"2026-03-14 17:54:09"
1130;"Jai";"Shetty";"jai.shetty.630@gmail.com";"+918612060875";"$2b$10$dummyhash00000000000000000630";"2026-08-11 11:21:09"
1131;"Vinaya";"Narain";"vinaya.narain.631@gmail.com";"+917954321868";"$2b$10$dummyhash00000000000000000631";"2025-10-03 07:30:09"
1132;"Gautami";"Dhar";"gautami.dhar.632@gmail.com";"+917186595976";"$2b$10$dummyhash00000000000000000632";"2025-08-03 15:11:09"
1133;"Banjeet";"Badal";"banjeet.badal.633@gmail.com";"+917382464242";"$2b$10$dummyhash00000000000000000633";"2025-11-20 03:27:09"
1134;"Varsha";"Lal";"varsha.lal.634@gmail.com";"+917253614838";"$2b$10$dummyhash00000000000000000634";"2025-09-29 09:45:09"
1135;"Rajata";"Lad";"rajata.lad.635@gmail.com";"+916143203729";"$2b$10$dummyhash00000000000000000635";"2025-07-14 06:42:09"
1136;"Manthan";"Deo";"manthan.deo.636@gmail.com";"+916254621269";"$2b$10$dummyhash00000000000000000636";"2024-12-02 22:29:09"
1137;"Manya";"Mishra";"manya.mishra.637@gmail.com";"+916694310791";"$2b$10$dummyhash00000000000000000637";"2025-10-13 09:46:09"
1138;"Darsh";"Peri";"darsh.peri.638@gmail.com";"+919820179771";"$2b$10$dummyhash00000000000000000638";"2024-10-26 17:23:09"
1139;"Triveni";"Prakash";"triveni.prakash.639@gmail.com";"+919618144874";"$2b$10$dummyhash00000000000000000639";"2025-11-03 09:10:09"
1140;"Vaishnavi";"Aurora";"vaishnavi.aurora.640@gmail.com";"+918981573286";"$2b$10$dummyhash00000000000000000640";"2025-02-02 22:43:09"
1141;"Chaman";"Dua";"chaman.dua.641@gmail.com";"+918239252776";"$2b$10$dummyhash00000000000000000641";"2026-05-29 05:50:09"
1142;"Yashica";"Loke";"yashica.loke.642@gmail.com";"+919249308985";"$2b$10$dummyhash00000000000000000642";"2024-12-25 05:19:09"
1143;"Parth";"Jani";"parth.jani.643@gmail.com";"+917183615996";"$2b$10$dummyhash00000000000000000643";"2025-08-21 20:04:09"
1144;"Yashawini";"Deo";"yashawini.deo.644@gmail.com";"+916150171332";"$2b$10$dummyhash00000000000000000644";"2025-07-30 19:43:09"
1145;"Ethan";"Hegde";"ethan.hegde.645@gmail.com";"+918309087008";"$2b$10$dummyhash00000000000000000645";"2025-04-02 12:01:09"
1146;"George";"Singh";"george.singh.646@gmail.com";"+916694627808";"$2b$10$dummyhash00000000000000000646";"2026-03-25 03:02:09"
1147;"Falguni";"Nagy";"falguni.nagy.647@gmail.com";"+918549020651";"$2b$10$dummyhash00000000000000000647";"2025-09-26 03:57:09"
1148;"Reva";"Oza";"reva.oza.648@gmail.com";"+919759105071";"$2b$10$dummyhash00000000000000000648";"2025-08-26 15:06:09"
1149;"Jason";"Pau";"jason.pau.649@gmail.com";"+918395661824";"$2b$10$dummyhash00000000000000000649";"2026-07-21 20:43:09"
1150;"Naveen";"Chandran";"naveen.chandran.650@gmail.com";"+916850529937";"$2b$10$dummyhash00000000000000000650";"2025-11-23 21:35:09"
1151;"Bahadurjit";"Virk";"bahadurjit.virk.651@gmail.com";"+917736388622";"$2b$10$dummyhash00000000000000000651";"2025-05-01 16:00:09"
1152;"Abha";"Chakrabarti";"abha.chakrabarti.652@gmail.com";"+918707578810";"$2b$10$dummyhash00000000000000000652";"2026-03-06 04:43:09"
1153;"Januja";"Mohan";"januja.mohan.653@gmail.com";"+917136627667";"$2b$10$dummyhash00000000000000000653";"2025-09-18 12:35:09"
1154;"Jeevika";"Deshpande";"jeevika.deshpande.654@gmail.com";"+917577003248";"$2b$10$dummyhash00000000000000000654";"2025-10-22 14:35:09"
1155;"Tara";"Chad";"tara.chad.655@gmail.com";"+916621726316";"$2b$10$dummyhash00000000000000000655";"2025-02-06 04:14:09"
1156;"Chakrika";"Lalla";"chakrika.lalla.656@gmail.com";"+917265297637";"$2b$10$dummyhash00000000000000000656";"2025-10-14 18:34:09"
1157;"Triveni";"Sankaran";"triveni.sankaran.657@gmail.com";"+916342599359";"$2b$10$dummyhash00000000000000000657";"2025-08-25 21:59:09"
1158;"Dominic";"Chand";"dominic.chand.658@gmail.com";"+916740832309";"$2b$10$dummyhash00000000000000000658";"2025-04-21 16:43:09"
1159;"Yoshita";"Parmer";"yoshita.parmer.659@gmail.com";"+918186736935";"$2b$10$dummyhash00000000000000000659";"2025-01-07 19:09:09"
1160;"Vrishti";"Sathe";"vrishti.sathe.660@gmail.com";"+918187313821";"$2b$10$dummyhash00000000000000000660";"2025-03-01 13:19:09"
1161;"Irya";"Ravi";"irya.ravi.661@gmail.com";"+919513985147";"$2b$10$dummyhash00000000000000000661";"2024-10-18 19:12:09"
1162;"Naksh";"Pradhan";"naksh.pradhan.662@gmail.com";"+919553374059";"$2b$10$dummyhash00000000000000000662";"2025-08-25 08:21:09"
1163;"Victor";"Basu";"victor.basu.663@gmail.com";"+919762333311";"$2b$10$dummyhash00000000000000000663";"2026-07-30 05:41:09"
1164;"Tejas";"Rai";"tejas.rai.664@gmail.com";"+916747939195";"$2b$10$dummyhash00000000000000000664";"2024-11-13 05:54:09"
1165;"Balendra";"Chatterjee";"balendra.chatterjee.665@gmail.com";"+917563255363";"$2b$10$dummyhash00000000000000000665";"2026-04-19 09:08:09"
1166;"Chandresh";"Jha";"chandresh.jha.666@gmail.com";"+916390811991";"$2b$10$dummyhash00000000000000000666";"2026-07-16 21:32:09"
1167;"Hamsini";"Swamy";"hamsini.swamy.667@gmail.com";"+917464567745";"$2b$10$dummyhash00000000000000000667";"2026-03-06 18:31:09"
1168;"Nimrat";"Arya";"nimrat.arya.668@gmail.com";"+917144559492";"$2b$10$dummyhash00000000000000000668";"2025-09-21 17:06:09"
1169;"Triveni";"Sama";"triveni.sama.669@gmail.com";"+917803192682";"$2b$10$dummyhash00000000000000000669";"2025-08-20 23:45:09"
1170;"Advaith";"Brahmbhatt";"advaith.brahmbhatt.670@gmail.com";"+919292036553";"$2b$10$dummyhash00000000000000000670";"2025-01-21 00:27:09"
1171;"Avni";"Puri";"avni.puri.671@gmail.com";"+919034859566";"$2b$10$dummyhash00000000000000000671";"2025-03-08 20:55:09"
1172;"Ayaan";"Karan";"ayaan.karan.672@gmail.com";"+916798958390";"$2b$10$dummyhash00000000000000000672";"2025-02-25 13:24:09"
1173;"Priya";"Sarin";"priya.sarin.673@gmail.com";"+917598639563";"$2b$10$dummyhash00000000000000000673";"2025-09-25 10:33:09"
1174;"Rachit";"Vig";"rachit.vig.674@gmail.com";"+918352970586";"$2b$10$dummyhash00000000000000000674";"2025-11-14 18:27:09"
1175;"Bachittar";"Varghese";"bachittar.varghese.675@gmail.com";"+919615865892";"$2b$10$dummyhash00000000000000000675";"2025-04-25 14:23:09"
1176;"Ranbir";"Oommen";"ranbir.oommen.676@gmail.com";"+919278199167";"$2b$10$dummyhash00000000000000000676";"2024-11-13 22:12:09"
1177;"Nitara";"Ratta";"nitara.ratta.677@gmail.com";"+916743343685";"$2b$10$dummyhash00000000000000000677";"2025-09-07 22:25:09"
1178;"Urmi";"Gopal";"urmi.gopal.678@gmail.com";"+918991373374";"$2b$10$dummyhash00000000000000000678";"2025-01-19 08:40:09"
1179;"Zarna";"Bose";"zarna.bose.679@gmail.com";"+917872704178";"$2b$10$dummyhash00000000000000000679";"2025-11-18 17:47:09"
1180;"Gaurang";"Cherian";"gaurang.cherian.680@gmail.com";"+917213741564";"$2b$10$dummyhash00000000000000000680";"2024-10-03 20:19:09"
1181;"Banjeet";"Kapur";"banjeet.kapur.681@gmail.com";"+918820731303";"$2b$10$dummyhash00000000000000000681";"2025-07-10 23:24:09"
1182;"Aadi";"Bhakta";"aadi.bhakta.682@gmail.com";"+919934874737";"$2b$10$dummyhash00000000000000000682";"2025-09-14 23:29:09"
1183;"Nisha";"Nadig";"nisha.nadig.683@gmail.com";"+919205088493";"$2b$10$dummyhash00000000000000000683";"2026-06-09 23:47:09"
1184;"Anusha";"Shanker";"anusha.shanker.684@gmail.com";"+917450929488";"$2b$10$dummyhash00000000000000000684";"2026-03-06 20:08:09"
1185;"Yochana";"Nath";"yochana.nath.685@gmail.com";"+916826563375";"$2b$10$dummyhash00000000000000000685";"2024-10-05 22:58:09"
1186;"Dev";"Warrior";"dev.warrior.686@gmail.com";"+917399478551";"$2b$10$dummyhash00000000000000000686";"2025-01-26 07:16:09"
1187;"Onkar";"Nadig";"onkar.nadig.687@gmail.com";"+917708420834";"$2b$10$dummyhash00000000000000000687";"2025-08-21 03:22:09"
1188;"Veda";"Seshadri";"veda.seshadri.688@gmail.com";"+918562477642";"$2b$10$dummyhash00000000000000000688";"2026-05-04 15:21:09"
1189;"Siya";"Sandal";"siya.sandal.689@gmail.com";"+916510031707";"$2b$10$dummyhash00000000000000000689";"2025-01-08 06:19:09"
1190;"Lila";"Savant";"lila.savant.690@gmail.com";"+918777304750";"$2b$10$dummyhash00000000000000000690";"2026-02-08 21:36:09"
1191;"Wahab";"Shenoy";"wahab.shenoy.691@gmail.com";"+919661342136";"$2b$10$dummyhash00000000000000000691";"2024-12-26 01:39:09"
1192;"Arya";"Dua";"arya.dua.692@gmail.com";"+918304017239";"$2b$10$dummyhash00000000000000000692";"2026-08-06 12:19:09"
1193;"Logan";"Deol";"logan.deol.693@gmail.com";"+919636656102";"$2b$10$dummyhash00000000000000000693";"2026-02-18 01:50:09"
1194;"Azaan";"Pandit";"azaan.pandit.694@gmail.com";"+917821698150";"$2b$10$dummyhash00000000000000000694";"2025-01-09 18:53:09"
1195;"Yagnesh";"Baria";"yagnesh.baria.695@gmail.com";"+917779369794";"$2b$10$dummyhash00000000000000000695";"2025-12-08 14:42:09"
1196;"Agastya";"Doshi";"agastya.doshi.696@gmail.com";"+919532411800";"$2b$10$dummyhash00000000000000000696";"2026-03-11 07:05:09"
1197;"Gautam";"Ratta";"gautam.ratta.697@gmail.com";"+917536247820";"$2b$10$dummyhash00000000000000000697";"2025-08-18 05:15:09"
1198;"Hritik";"Sethi";"hritik.sethi.698@gmail.com";"+919682192715";"$2b$10$dummyhash00000000000000000698";"2025-12-01 07:14:09"
1199;"Orinder";"Baria";"orinder.baria.699@gmail.com";"+919305960707";"$2b$10$dummyhash00000000000000000699";"2025-02-19 11:13:09"
1200;"Vrinda";"Banerjee";"vrinda.banerjee.700@gmail.com";"+916061416300";"$2b$10$dummyhash00000000000000000700";"2025-06-07 21:27:09"
1201;"Girindra";"Bhardwaj";"girindra.bhardwaj.701@gmail.com";"+918534359782";"$2b$10$dummyhash00000000000000000701";"2026-03-02 11:05:09"
1202;"Oliver";"Korpal";"oliver.korpal.702@gmail.com";"+917389745751";"$2b$10$dummyhash00000000000000000702";"2025-01-04 03:22:09"
1203;"Leena";"Nayak";"leena.nayak.703@gmail.com";"+917821971859";"$2b$10$dummyhash00000000000000000703";"2026-08-06 02:54:09"
1204;"Faqid";"Salvi";"faqid.salvi.704@gmail.com";"+918997697020";"$2b$10$dummyhash00000000000000000704";"2025-06-10 00:49:09"
1205;"Jagdish";"Jayaraman";"jagdish.jayaraman.705@gmail.com";"+918275229846";"$2b$10$dummyhash00000000000000000705";"2024-12-04 20:36:09"
1206;"Vansha";"Prashad";"vansha.prashad.706@gmail.com";"+918218639150";"$2b$10$dummyhash00000000000000000706";"2025-09-12 00:27:09"
1207;"Xiti";"Parekh";"xiti.parekh.707@gmail.com";"+919369164416";"$2b$10$dummyhash00000000000000000707";"2025-12-12 11:45:09"
1208;"Ucchal";"Varkey";"ucchal.varkey.708@gmail.com";"+919339157475";"$2b$10$dummyhash00000000000000000708";"2025-02-04 17:07:09"
1209;"Rachita";"Natt";"rachita.natt.709@gmail.com";"+918885679506";"$2b$10$dummyhash00000000000000000709";"2026-01-28 17:03:09"
1210;"Warhi";"Natarajan";"warhi.natarajan.710@gmail.com";"+916653491583";"$2b$10$dummyhash00000000000000000710";"2025-05-10 01:04:09"
1211;"Hamsini";"Panchal";"hamsini.panchal.711@gmail.com";"+916398790972";"$2b$10$dummyhash00000000000000000711";"2025-01-08 08:42:09"
1212;"Dominic";"Kamdar";"dominic.kamdar.712@gmail.com";"+919211650622";"$2b$10$dummyhash00000000000000000712";"2025-05-04 12:36:09"
1213;"Liam";"Minhas";"liam.minhas.713@gmail.com";"+916145679304";"$2b$10$dummyhash00000000000000000713";"2026-04-05 17:57:09"
1214;"Kevin";"Brahmbhatt";"kevin.brahmbhatt.714@gmail.com";"+917013658794";"$2b$10$dummyhash00000000000000000714";"2026-08-06 23:31:09"
1215;"Deepa";"Narang";"deepa.narang.715@gmail.com";"+918987695829";"$2b$10$dummyhash00000000000000000715";"2024-12-07 05:38:09"
1216;"Ethan";"Sarkar";"ethan.sarkar.716@gmail.com";"+917550482228";"$2b$10$dummyhash00000000000000000716";"2025-04-01 17:27:09"
1217;"Laksh";"Setty";"laksh.setty.717@gmail.com";"+916300276110";"$2b$10$dummyhash00000000000000000717";"2025-12-07 22:56:09"
1218;"Lajita";"Tripathi";"lajita.tripathi.718@gmail.com";"+919576299845";"$2b$10$dummyhash00000000000000000718";"2026-04-29 07:01:09"
1219;"Zarna";"Bhatnagar";"zarna.bhatnagar.719@gmail.com";"+918851567233";"$2b$10$dummyhash00000000000000000719";"2025-12-27 19:42:09"
1220;"Ojasvi";"Suresh";"ojasvi.suresh.720@gmail.com";"+919304341985";"$2b$10$dummyhash00000000000000000720";"2025-07-03 17:31:09"
1221;"Warinder";"Dugar";"warinder.dugar.721@gmail.com";"+916466731568";"$2b$10$dummyhash00000000000000000721";"2026-07-07 21:18:09"
1222;"Dalbir";"Dutt";"dalbir.dutt.722@gmail.com";"+917337830163";"$2b$10$dummyhash00000000000000000722";"2025-10-08 01:13:09"
1223;"Wahab";"Salvi";"wahab.salvi.723@gmail.com";"+918957263027";"$2b$10$dummyhash00000000000000000723";"2024-09-28 01:08:09"
1224;"Mugdha";"Randhawa";"mugdha.randhawa.724@gmail.com";"+916309478463";"$2b$10$dummyhash00000000000000000724";"2025-03-28 07:46:09"
1225;"Zayyan";"Dubey";"zayyan.dubey.725@gmail.com";"+917993901700";"$2b$10$dummyhash00000000000000000725";"2026-01-11 08:14:09"
1226;"Siya";"Mohanty";"siya.mohanty.726@gmail.com";"+917982594714";"$2b$10$dummyhash00000000000000000726";"2025-03-11 04:06:09"
1227;"Sanya";"Ray";"sanya.ray.727@gmail.com";"+916595301932";"$2b$10$dummyhash00000000000000000727";"2025-12-03 17:09:09"
1228;"Chanakya";"Raman";"chanakya.raman.728@gmail.com";"+916098698985";"$2b$10$dummyhash00000000000000000728";"2026-07-04 20:48:09"
1229;"Chakradev";"Radhakrishnan";"chakradev.radhakrishnan.729@gmail.com";"+917896415043";"$2b$10$dummyhash00000000000000000729";"2025-02-07 02:14:09"
1230;"Ekaraj";"Chadha";"ekaraj.chadha.730@gmail.com";"+918626099274";"$2b$10$dummyhash00000000000000000730";"2026-02-08 00:07:09"
1231;"Aryan";"Raval";"aryan.raval.731@gmail.com";"+919585962532";"$2b$10$dummyhash00000000000000000731";"2025-07-08 13:25:09"
1232;"Rachana";"Butala";"rachana.butala.732@gmail.com";"+916660988869";"$2b$10$dummyhash00000000000000000732";"2025-10-18 04:34:09"
1233;"Qasim";"Raman";"qasim.raman.733@gmail.com";"+919262792710";"$2b$10$dummyhash00000000000000000733";"2026-06-16 03:05:09"
1234;"Anmol";"Rajagopal";"anmol.rajagopal.734@gmail.com";"+918806213684";"$2b$10$dummyhash00000000000000000734";"2025-05-06 06:10:09"
1235;"Yoshita";"Ganesan";"yoshita.ganesan.735@gmail.com";"+916716280718";"$2b$10$dummyhash00000000000000000735";"2025-04-01 00:44:09"
1236;"Ridhi";"Dhillon";"ridhi.dhillon.736@gmail.com";"+919979381748";"$2b$10$dummyhash00000000000000000736";"2026-02-19 02:57:09"
1237;"Eiravati";"Sastry";"eiravati.sastry.737@gmail.com";"+918844752589";"$2b$10$dummyhash00000000000000000737";"2024-12-14 09:42:09"
1238;"Indrajit";"Subramanian";"indrajit.subramanian.738@gmail.com";"+919275384227";"$2b$10$dummyhash00000000000000000738";"2025-11-17 11:55:09"
1239;"Aryan";"Rastogi";"aryan.rastogi.739@gmail.com";"+917549218830";"$2b$10$dummyhash00000000000000000739";"2025-02-13 18:57:09"
1240;"Jhalak";"Som";"jhalak.som.740@gmail.com";"+919703315558";"$2b$10$dummyhash00000000000000000740";"2025-08-15 01:06:09"
1241;"Tanvi";"Shah";"tanvi.shah.741@gmail.com";"+918957412669";"$2b$10$dummyhash00000000000000000741";"2026-04-15 10:40:09"
1242;"Balveer";"Koshy";"balveer.koshy.742@gmail.com";"+918671402563";"$2b$10$dummyhash00000000000000000742";"2026-08-01 04:58:09"
1243;"Gavin";"Sawhney";"gavin.sawhney.743@gmail.com";"+919631663641";"$2b$10$dummyhash00000000000000000743";"2025-01-14 04:30:09"
1244;"Liam";"Issac";"liam.issac.744@gmail.com";"+916722455896";"$2b$10$dummyhash00000000000000000744";"2026-05-23 04:57:09"
1245;"Upasna";"Sehgal";"upasna.sehgal.745@gmail.com";"+917725277807";"$2b$10$dummyhash00000000000000000745";"2026-06-06 10:59:09"
1246;"Pranav";"Misra";"pranav.misra.746@gmail.com";"+917645396286";"$2b$10$dummyhash00000000000000000746";"2025-05-05 10:13:09"
1247;"Darika";"Suri";"darika.suri.747@gmail.com";"+916224892728";"$2b$10$dummyhash00000000000000000747";"2025-03-30 01:20:09"
1248;"Anita";"Tara";"anita.tara.748@gmail.com";"+917978186134";"$2b$10$dummyhash00000000000000000748";"2026-03-01 13:05:09"
1249;"Dayamai";"Gala";"dayamai.gala.749@gmail.com";"+919964400811";"$2b$10$dummyhash00000000000000000749";"2025-04-05 11:20:09"
1250;"Anamika";"Bhakta";"anamika.bhakta.750@gmail.com";"+916739231298";"$2b$10$dummyhash00000000000000000750";"2025-02-23 09:25:09"
1251;"Omya";"Nagy";"omya.nagy.751@gmail.com";"+919466690487";"$2b$10$dummyhash00000000000000000751";"2026-05-04 12:38:09"
1252;"Ethan";"Morar";"ethan.morar.752@gmail.com";"+917279681894";"$2b$10$dummyhash00000000000000000752";"2024-12-02 23:49:09"
1253;"Oeshi";"Choudhry";"oeshi.choudhry.753@gmail.com";"+918159562429";"$2b$10$dummyhash00000000000000000753";"2026-05-03 12:25:09"
1254;"Saanvi";"Choudhry";"saanvi.choudhry.754@gmail.com";"+916218909807";"$2b$10$dummyhash00000000000000000754";"2024-12-17 12:03:09"
1255;"Wridesh";"Pai";"wridesh.pai.755@gmail.com";"+919148292021";"$2b$10$dummyhash00000000000000000755";"2026-04-07 01:55:09"
1256;"Timothy";"Yohannan";"timothy.yohannan.756@gmail.com";"+916968966124";"$2b$10$dummyhash00000000000000000756";"2025-07-21 04:41:09"
1257;"Ekalinga";"Shah";"ekalinga.shah.757@gmail.com";"+918635440524";"$2b$10$dummyhash00000000000000000757";"2024-10-29 19:51:09"
1258;"Ikbal";"Nagar";"ikbal.nagar.758@gmail.com";"+916597332068";"$2b$10$dummyhash00000000000000000758";"2025-04-09 06:28:09"
1259;"Ronith";"Trivedi";"ronith.trivedi.759@gmail.com";"+917589139436";"$2b$10$dummyhash00000000000000000759";"2026-07-09 17:23:09"
1260;"Bishakha";"Date";"bishakha.date.760@gmail.com";"+918595070105";"$2b$10$dummyhash00000000000000000760";"2026-01-08 15:09:09"
1261;"Ati";"Bhatti";"ati.bhatti.761@gmail.com";"+918398265213";"$2b$10$dummyhash00000000000000000761";"2024-11-26 18:57:09"
1262;"Reyansh";"Parekh";"reyansh.parekh.762@gmail.com";"+919768725211";"$2b$10$dummyhash00000000000000000762";"2025-08-03 02:53:09"
1263;"Chandani";"Venkatesh";"chandani.venkatesh.763@gmail.com";"+918223028144";"$2b$10$dummyhash00000000000000000763";"2025-06-20 18:04:09"
1264;"Omaja";"Jha";"omaja.jha.764@gmail.com";"+919663023983";"$2b$10$dummyhash00000000000000000764";"2025-10-10 10:43:09"
1265;"Chameli";"Batra";"chameli.batra.765@gmail.com";"+916341403294";"$2b$10$dummyhash00000000000000000765";"2026-01-26 16:27:09"
1266;"Panini";"Vasa";"panini.vasa.766@gmail.com";"+917157827849";"$2b$10$dummyhash00000000000000000766";"2026-08-17 16:18:09"
1267;"Samarth";"Raman";"samarth.raman.767@gmail.com";"+917894659840";"$2b$10$dummyhash00000000000000000767";"2025-05-17 11:59:09"
1268;"Andrew";"Anne";"andrew.anne.768@gmail.com";"+919368146480";"$2b$10$dummyhash00000000000000000768";"2026-02-01 18:07:09"
1269;"Quincy";"Narayan";"quincy.narayan.769@gmail.com";"+916797115306";"$2b$10$dummyhash00000000000000000769";"2025-04-14 01:24:09"
1270;"Amruta";"Toor";"amruta.toor.770@gmail.com";"+918324034531";"$2b$10$dummyhash00000000000000000770";"2025-10-20 09:21:09"
1271;"Balhaar";"Chander";"balhaar.chander.771@gmail.com";"+916287045217";"$2b$10$dummyhash00000000000000000771";"2025-12-28 17:03:09"
1272;"Yashvi";"Agrawal";"yashvi.agrawal.772@gmail.com";"+916036843905";"$2b$10$dummyhash00000000000000000772";"2026-05-06 18:47:09"
1273;"Nilima";"Randhawa";"nilima.randhawa.773@gmail.com";"+918139741270";"$2b$10$dummyhash00000000000000000773";"2025-08-03 07:54:09"
1274;"Arjun";"Barad";"arjun.barad.774@gmail.com";"+918460556812";"$2b$10$dummyhash00000000000000000774";"2025-02-09 16:06:09"
1275;"Darsh";"Chacko";"darsh.chacko.775@gmail.com";"+916893844826";"$2b$10$dummyhash00000000000000000775";"2026-05-03 05:14:09"
1276;"Harish";"Natarajan";"harish.natarajan.776@gmail.com";"+918897933757";"$2b$10$dummyhash00000000000000000776";"2025-03-10 19:13:09"
1277;"Anya";"Singh";"anya.singh.777@gmail.com";"+917520220933";"$2b$10$dummyhash00000000000000000777";"2025-01-18 16:49:09"
1278;"Ekansh";"Loyal";"ekansh.loyal.778@gmail.com";"+918274144015";"$2b$10$dummyhash00000000000000000778";"2025-07-31 04:43:09"
1279;"Omisha";"Ranganathan";"omisha.ranganathan.779@gmail.com";"+916806202034";"$2b$10$dummyhash00000000000000000779";"2026-04-08 11:33:09"
1280;"Jatin";"Walia";"jatin.walia.780@gmail.com";"+919028741459";"$2b$10$dummyhash00000000000000000780";"2026-04-19 21:32:09"
1281;"Oscar";"Deep";"oscar.deep.781@gmail.com";"+919438223042";"$2b$10$dummyhash00000000000000000781";"2026-05-10 03:50:09"
1282;"Onkar";"Dugar";"onkar.dugar.782@gmail.com";"+918237185091";"$2b$10$dummyhash00000000000000000782";"2024-12-19 07:07:09"
1283;"Karan";"Ramakrishnan";"karan.ramakrishnan.783@gmail.com";"+916001958050";"$2b$10$dummyhash00000000000000000783";"2025-06-27 02:31:09"
1284;"Hritik";"Tailor";"hritik.tailor.784@gmail.com";"+917769837890";"$2b$10$dummyhash00000000000000000784";"2025-12-08 00:27:09"
1285;"Ekantika";"Morar";"ekantika.morar.785@gmail.com";"+919187317302";"$2b$10$dummyhash00000000000000000785";"2026-01-19 00:30:09"
1286;"George";"Rai";"george.rai.786@gmail.com";"+916216388779";"$2b$10$dummyhash00000000000000000786";"2025-03-02 17:52:09"
1287;"Vihaan";"Pau";"vihaan.pau.787@gmail.com";"+918424852938";"$2b$10$dummyhash00000000000000000787";"2025-09-09 23:42:09"
1288;"Ekanta";"Bhatnagar";"ekanta.bhatnagar.788@gmail.com";"+919787170676";"$2b$10$dummyhash00000000000000000788";"2026-04-21 04:16:09"
1289;"Xavier";"Dalal";"xavier.dalal.789@gmail.com";"+919480739836";"$2b$10$dummyhash00000000000000000789";"2025-07-24 16:33:09"
1290;"Zinal";"Varma";"zinal.varma.790@gmail.com";"+916052541727";"$2b$10$dummyhash00000000000000000790";"2025-08-13 06:01:09"
1291;"Jagvi";"Thaman";"jagvi.thaman.791@gmail.com";"+916048631717";"$2b$10$dummyhash00000000000000000791";"2026-04-13 23:58:09"
1292;"Vritti";"Arora";"vritti.arora.792@gmail.com";"+917337621543";"$2b$10$dummyhash00000000000000000792";"2026-03-05 05:05:09"
1293;"Wishi";"Khosla";"wishi.khosla.793@gmail.com";"+919079618026";"$2b$10$dummyhash00000000000000000793";"2024-11-13 07:07:09"
1294;"Wyatt";"Sangha";"wyatt.sangha.794@gmail.com";"+918286961571";"$2b$10$dummyhash00000000000000000794";"2025-04-03 07:16:09"
1295;"Ijaya";"Kara";"ijaya.kara.795@gmail.com";"+917566042823";"$2b$10$dummyhash00000000000000000795";"2024-12-06 11:12:09"
1296;"Leela";"Vala";"leela.vala.796@gmail.com";"+919772547434";"$2b$10$dummyhash00000000000000000796";"2026-05-22 03:42:09"
1297;"Rishi";"Virk";"rishi.virk.797@gmail.com";"+917891119660";"$2b$10$dummyhash00000000000000000797";"2024-12-19 12:46:09"
1298;"Lekha";"Shankar";"lekha.shankar.798@gmail.com";"+917192675915";"$2b$10$dummyhash00000000000000000798";"2024-12-13 00:46:09"
1299;"Daniel";"Soman";"daniel.soman.799@gmail.com";"+919000801938";"$2b$10$dummyhash00000000000000000799";"2025-12-12 06:01:09"
1300;"Ucchal";"Krishna";"ucchal.krishna.800@gmail.com";"+918758848309";"$2b$10$dummyhash00000000000000000800";"2025-11-09 07:30:09"
1301;"Amrita";"Cheema";"amrita.cheema.801@gmail.com";"+916451493884";"$2b$10$dummyhash00000000000000000801";"2026-05-01 10:39:09"
1302;"Zinal";"Manne";"zinal.manne.802@gmail.com";"+918839291816";"$2b$10$dummyhash00000000000000000802";"2026-01-24 12:56:09"
1303;"Lajita";"Sanghvi";"lajita.sanghvi.803@gmail.com";"+916714252271";"$2b$10$dummyhash00000000000000000803";"2026-03-19 15:43:09"
1304;"Vasana";"Srivastava";"vasana.srivastava.804@gmail.com";"+919840069850";"$2b$10$dummyhash00000000000000000804";"2025-09-26 04:26:09"
1305;"Sneha";"Sane";"sneha.sane.805@gmail.com";"+917320736233";"$2b$10$dummyhash00000000000000000805";"2025-04-03 23:41:09"
1306;"Arjun";"Kota";"arjun.kota.806@gmail.com";"+917932671353";"$2b$10$dummyhash00000000000000000806";"2024-12-15 13:25:09"
1307;"Anita";"Ghose";"anita.ghose.807@gmail.com";"+917558504299";"$2b$10$dummyhash00000000000000000807";"2026-04-06 00:10:09"
1308;"Xavier";"Sampath";"xavier.sampath.808@gmail.com";"+917902152344";"$2b$10$dummyhash00000000000000000808";"2025-03-18 02:30:09"
1309;"Jason";"Ray";"jason.ray.809@gmail.com";"+918838444086";"$2b$10$dummyhash00000000000000000809";"2025-12-01 18:44:09"
1310;"Zansi";"Sawhney";"zansi.sawhney.810@gmail.com";"+917251034452";"$2b$10$dummyhash00000000000000000810";"2024-12-12 18:32:09"
1311;"Hemal";"Parekh";"hemal.parekh.811@gmail.com";"+919657221930";"$2b$10$dummyhash00000000000000000811";"2026-03-28 09:24:09"
1312;"Saanvi";"Bhagat";"saanvi.bhagat.812@gmail.com";"+919822272896";"$2b$10$dummyhash00000000000000000812";"2025-03-21 00:24:09"
1313;"Dayamai";"Choudhury";"dayamai.choudhury.813@gmail.com";"+916142747113";"$2b$10$dummyhash00000000000000000813";"2024-12-22 18:01:09"
1314;"Neelima";"Buch";"neelima.buch.814@gmail.com";"+917199723362";"$2b$10$dummyhash00000000000000000814";"2024-10-19 19:09:09"
1315;"Brinda";"Kaul";"brinda.kaul.815@gmail.com";"+917705461118";"$2b$10$dummyhash00000000000000000815";"2026-04-07 16:05:09"
1316;"Veda";"Jain";"veda.jain.816@gmail.com";"+917306482771";"$2b$10$dummyhash00000000000000000816";"2026-02-06 11:19:09"
1317;"Indali";"Ganesh";"indali.ganesh.817@gmail.com";"+918395205939";"$2b$10$dummyhash00000000000000000817";"2025-09-10 10:37:09"
1318;"Neel";"Atwal";"neel.atwal.818@gmail.com";"+917736235759";"$2b$10$dummyhash00000000000000000818";"2024-12-14 20:15:09"
1319;"Amaira";"Aurora";"amaira.aurora.819@gmail.com";"+916885660974";"$2b$10$dummyhash00000000000000000819";"2025-05-25 21:50:09"
1320;"Ranveer";"Sha";"ranveer.sha.820@gmail.com";"+919867654814";"$2b$10$dummyhash00000000000000000820";"2025-12-21 16:24:09"
1321;"Ekaja";"Narayanan";"ekaja.narayanan.821@gmail.com";"+917877675994";"$2b$10$dummyhash00000000000000000821";"2025-05-15 13:25:09"
1322;"Anya";"Raghavan";"anya.raghavan.822@gmail.com";"+917485688886";"$2b$10$dummyhash00000000000000000822";"2025-09-10 10:00:09"
1323;"Harsh";"Anne";"harsh.anne.823@gmail.com";"+918913658025";"$2b$10$dummyhash00000000000000000823";"2026-02-19 22:43:09"
1324;"Ekanta";"Mahajan";"ekanta.mahajan.824@gmail.com";"+919858444972";"$2b$10$dummyhash00000000000000000824";"2025-09-03 23:33:09"
1325;"Udyati";"Manne";"udyati.manne.825@gmail.com";"+919429914717";"$2b$10$dummyhash00000000000000000825";"2026-05-16 07:02:09"
1326;"Ekiya";"Loyal";"ekiya.loyal.826@gmail.com";"+917155193229";"$2b$10$dummyhash00000000000000000826";"2025-10-16 14:04:09"
1327;"Oeshi";"Bandi";"oeshi.bandi.827@gmail.com";"+918660898484";"$2b$10$dummyhash00000000000000000827";"2025-03-27 04:36:09"
1328;"Mohini";"Parmer";"mohini.parmer.828@gmail.com";"+918091105984";"$2b$10$dummyhash00000000000000000828";"2025-11-19 02:29:09"
1329;"Ucchal";"Bhargava";"ucchal.bhargava.829@gmail.com";"+917660301709";"$2b$10$dummyhash00000000000000000829";"2025-08-18 01:16:09"
1330;"Neel";"Mukherjee";"neel.mukherjee.830@gmail.com";"+919856496619";"$2b$10$dummyhash00000000000000000830";"2026-01-08 06:07:09"
1331;"Aahana";"Rana";"aahana.rana.831@gmail.com";"+919001848654";"$2b$10$dummyhash00000000000000000831";"2026-08-06 10:24:09"
1332;"Agastya";"Mann";"agastya.mann.832@gmail.com";"+917078087216";"$2b$10$dummyhash00000000000000000832";"2026-06-15 09:33:09"
1333;"Dalaja";"Bal";"dalaja.bal.833@gmail.com";"+917107195856";"$2b$10$dummyhash00000000000000000833";"2024-12-15 14:59:09"
1334;"Sanya";"Verma";"sanya.verma.834@gmail.com";"+916411467608";"$2b$10$dummyhash00000000000000000834";"2026-02-10 12:30:09"
1335;"Gagan";"Prashad";"gagan.prashad.835@gmail.com";"+919716506384";"$2b$10$dummyhash00000000000000000835";"2025-06-25 15:51:09"
1336;"Hemal";"Rajagopal";"hemal.rajagopal.836@gmail.com";"+916752741153";"$2b$10$dummyhash00000000000000000836";"2025-09-26 23:36:09"
1337;"Anya";"Patel";"anya.patel.837@gmail.com";"+919525904229";"$2b$10$dummyhash00000000000000000837";"2026-01-10 10:50:09"
1338;"Ishaan";"Banerjee";"ishaan.banerjee.838@gmail.com";"+917711870552";"$2b$10$dummyhash00000000000000000838";"2025-03-27 07:56:09"
1339;"Lavanya";"Seth";"lavanya.seth.839@gmail.com";"+919312550374";"$2b$10$dummyhash00000000000000000839";"2025-03-03 22:01:09"
1340;"Xalak";"Gupta";"xalak.gupta.840@gmail.com";"+917179941491";"$2b$10$dummyhash00000000000000000840";"2025-02-19 17:54:09"
1341;"Naveen";"Edwin";"naveen.edwin.841@gmail.com";"+916375292110";"$2b$10$dummyhash00000000000000000841";"2025-08-16 17:39:09"
1342;"Matthew";"Sodhi";"matthew.sodhi.842@gmail.com";"+919414909874";"$2b$10$dummyhash00000000000000000842";"2025-05-21 14:27:09"
1343;"Lucky";"Narain";"lucky.narain.843@gmail.com";"+916321500584";"$2b$10$dummyhash00000000000000000843";"2025-02-24 06:45:09"
1344;"Raksha";"Kanda";"raksha.kanda.844@gmail.com";"+917008530899";"$2b$10$dummyhash00000000000000000844";"2025-10-23 09:36:09"
1345;"Ishanvi";"Choudhury";"ishanvi.choudhury.845@gmail.com";"+916696391816";"$2b$10$dummyhash00000000000000000845";"2026-07-17 07:23:09"
1346;"Frederick";"Banerjee";"frederick.banerjee.846@gmail.com";"+917822164194";"$2b$10$dummyhash00000000000000000846";"2025-11-30 04:07:09"
1347;"Sai";"Hora";"sai.hora.847@gmail.com";"+918527744268";"$2b$10$dummyhash00000000000000000847";"2026-02-28 02:46:09"
1348;"Amruta";"Raval";"amruta.raval.848@gmail.com";"+918051181122";"$2b$10$dummyhash00000000000000000848";"2025-08-19 20:34:09"
1349;"Urishilla";"Chanda";"urishilla.chanda.849@gmail.com";"+919111292816";"$2b$10$dummyhash00000000000000000849";"2026-01-04 02:39:09"
1350;"Pranit";"Gara";"pranit.gara.850@gmail.com";"+916538387784";"$2b$10$dummyhash00000000000000000850";"2024-11-30 06:11:09"
1351;"Nirja";"Seshadri";"nirja.seshadri.851@gmail.com";"+916658153210";"$2b$10$dummyhash00000000000000000851";"2026-03-17 10:55:09"
1352;"Aishani";"Natt";"aishani.natt.852@gmail.com";"+918766236776";"$2b$10$dummyhash00000000000000000852";"2025-01-19 10:10:09"
1353;"Qarin";"Peri";"qarin.peri.853@gmail.com";"+918961566208";"$2b$10$dummyhash00000000000000000853";"2025-02-13 23:51:09"
1354;"Charvi";"Cheema";"charvi.cheema.854@gmail.com";"+917821321275";"$2b$10$dummyhash00000000000000000854";"2026-07-19 18:07:09"
1355;"Maanav";"Sandhu";"maanav.sandhu.855@gmail.com";"+916949458379";"$2b$10$dummyhash00000000000000000855";"2025-09-21 05:01:09"
1356;"Chaitaly";"Morar";"chaitaly.morar.856@gmail.com";"+919566259489";"$2b$10$dummyhash00000000000000000856";"2024-11-24 12:08:09"
1357;"Fariq";"Parikh";"fariq.parikh.857@gmail.com";"+919730435192";"$2b$10$dummyhash00000000000000000857";"2026-07-06 13:23:09"
1358;"Rushil";"Gera";"rushil.gera.858@gmail.com";"+916095489192";"$2b$10$dummyhash00000000000000000858";"2025-07-01 06:22:09"
1359;"Vasana";"Bedi";"vasana.bedi.859@gmail.com";"+916041014770";"$2b$10$dummyhash00000000000000000859";"2025-09-27 01:42:09"
1360;"Riya";"Upadhyay";"riya.upadhyay.860@gmail.com";"+917455546883";"$2b$10$dummyhash00000000000000000860";"2025-08-16 14:15:09"
1361;"Banjeet";"Upadhyay";"banjeet.upadhyay.861@gmail.com";"+916578427513";"$2b$10$dummyhash00000000000000000861";"2024-10-27 08:19:09"
1362;"Nachiket";"Parmar";"nachiket.parmar.862@gmail.com";"+919227316315";"$2b$10$dummyhash00000000000000000862";"2025-07-17 05:25:09"
1363;"Chaaya";"Bala";"chaaya.bala.863@gmail.com";"+918563967937";"$2b$10$dummyhash00000000000000000863";"2025-04-08 20:01:09"
1364;"Maya";"Solanki";"maya.solanki.864@gmail.com";"+919193437090";"$2b$10$dummyhash00000000000000000864";"2026-02-16 14:54:09"
1365;"Owen";"Ravi";"owen.ravi.865@gmail.com";"+918216130147";"$2b$10$dummyhash00000000000000000865";"2025-04-17 20:28:09"
1366;"Arunima";"Patla";"arunima.patla.866@gmail.com";"+916990596367";"$2b$10$dummyhash00000000000000000866";"2026-04-19 04:46:09"
1367;"Jonathan";"Menon";"jonathan.menon.867@gmail.com";"+917046607067";"$2b$10$dummyhash00000000000000000867";"2026-08-05 14:38:09"
1368;"Darsh";"Chand";"darsh.chand.868@gmail.com";"+916803306965";"$2b$10$dummyhash00000000000000000868";"2025-10-14 15:56:09"
1369;"Balveer";"Om";"balveer.om.869@gmail.com";"+919014909789";"$2b$10$dummyhash00000000000000000869";"2025-03-03 22:01:09"
1370;"Om";"Lata";"om.lata.870@gmail.com";"+919539473218";"$2b$10$dummyhash00000000000000000870";"2025-04-23 01:08:09"
1371;"Garima";"Basu";"garima.basu.871@gmail.com";"+917473262598";"$2b$10$dummyhash00000000000000000871";"2025-05-02 21:09:09"
1372;"Fitan";"Saini";"fitan.saini.872@gmail.com";"+918084824718";"$2b$10$dummyhash00000000000000000872";"2025-06-22 12:11:09"
1373;"Janaki";"Sama";"janaki.sama.873@gmail.com";"+917201107714";"$2b$10$dummyhash00000000000000000873";"2026-02-10 09:14:09"
1374;"Advika";"Grewal";"advika.grewal.874@gmail.com";"+918767603081";"$2b$10$dummyhash00000000000000000874";"2025-03-24 02:49:09"
1375;"Liam";"Pradhan";"liam.pradhan.875@gmail.com";"+918142528592";"$2b$10$dummyhash00000000000000000875";"2026-01-08 04:57:09"
1376;"Falak";"Karpe";"falak.karpe.876@gmail.com";"+916345183876";"$2b$10$dummyhash00000000000000000876";"2026-01-30 23:00:09"
1377;"Arunima";"Sood";"arunima.sood.877@gmail.com";"+918497327488";"$2b$10$dummyhash00000000000000000877";"2024-12-26 23:41:09"
1378;"Girish";"Ghose";"girish.ghose.878@gmail.com";"+916711637188";"$2b$10$dummyhash00000000000000000878";"2025-07-11 17:11:09"
1379;"Hemangini";"Mander";"hemangini.mander.879@gmail.com";"+916322129641";"$2b$10$dummyhash00000000000000000879";"2024-10-02 05:18:09"
1380;"Vyanjana";"Sarin";"vyanjana.sarin.880@gmail.com";"+918739373084";"$2b$10$dummyhash00000000000000000880";"2025-11-18 15:55:09"
1381;"Anvi";"Badal";"anvi.badal.881@gmail.com";"+916620399130";"$2b$10$dummyhash00000000000000000881";"2025-03-04 00:17:09"
1382;"Leena";"Mandal";"leena.mandal.882@gmail.com";"+919371799446";"$2b$10$dummyhash00000000000000000882";"2025-09-19 12:01:09"
1383;"Neelima";"Nazareth";"neelima.nazareth.883@gmail.com";"+918198444782";"$2b$10$dummyhash00000000000000000883";"2026-03-03 00:35:09"
1384;"Faqid";"Rajagopal";"faqid.rajagopal.884@gmail.com";"+918318624865";"$2b$10$dummyhash00000000000000000884";"2025-07-18 02:41:09"
1385;"Geetika";"Ganguly";"geetika.ganguly.885@gmail.com";"+918854292395";"$2b$10$dummyhash00000000000000000885";"2025-12-26 05:50:09"
1386;"Charan";"Hans";"charan.hans.886@gmail.com";"+918806563459";"$2b$10$dummyhash00000000000000000886";"2026-08-21 13:55:09"
1387;"Samar";"Nanda";"samar.nanda.887@gmail.com";"+917044349241";"$2b$10$dummyhash00000000000000000887";"2025-08-11 09:25:09"
1388;"Falak";"Rao";"falak.rao.888@gmail.com";"+916635955908";"$2b$10$dummyhash00000000000000000888";"2026-03-09 15:38:09"
1389;"Janaki";"Sarna";"janaki.sarna.889@gmail.com";"+916465705154";"$2b$10$dummyhash00000000000000000889";"2025-07-19 05:34:09"
1390;"Isaac";"Borde";"isaac.borde.890@gmail.com";"+917502941522";"$2b$10$dummyhash00000000000000000890";"2026-08-02 04:28:09"
1391;"Jagat";"Pathak";"jagat.pathak.891@gmail.com";"+916270004422";"$2b$10$dummyhash00000000000000000891";"2025-01-22 04:11:09"
1392;"Rishi";"Thakur";"rishi.thakur.892@gmail.com";"+917594053269";"$2b$10$dummyhash00000000000000000892";"2025-06-23 05:35:09"
1393;"Yashica";"Yadav";"yashica.yadav.893@gmail.com";"+919255475569";"$2b$10$dummyhash00000000000000000893";"2026-03-08 05:12:09"
1394;"Anmol";"Ghosh";"anmol.ghosh.894@gmail.com";"+918276850320";"$2b$10$dummyhash00000000000000000894";"2026-07-12 08:56:09"
1395;"Qasim";"Venkataraman";"qasim.venkataraman.895@gmail.com";"+916177852588";"$2b$10$dummyhash00000000000000000895";"2026-01-03 04:39:09"
1396;"Gaurika";"Samra";"gaurika.samra.896@gmail.com";"+918592503944";"$2b$10$dummyhash00000000000000000896";"2026-08-04 01:04:09"
1397;"Bishakha";"Sachdeva";"bishakha.sachdeva.897@gmail.com";"+918036618732";"$2b$10$dummyhash00000000000000000897";"2026-01-26 01:58:09"
1398;"Aadhya";"Cheema";"aadhya.cheema.898@gmail.com";"+917412744810";"$2b$10$dummyhash00000000000000000898";"2025-01-17 06:14:09"
1399;"Triveni";"Gala";"triveni.gala.899@gmail.com";"+917388567854";"$2b$10$dummyhash00000000000000000899";"2026-01-12 07:39:09"
1400;"Janaki";"Chaudhari";"janaki.chaudhari.900@gmail.com";"+916381324349";"$2b$10$dummyhash00000000000000000900";"2024-11-21 21:04:09"
1401;"Ishita";"Patla";"ishita.patla.901@gmail.com";"+917895790291";"$2b$10$dummyhash00000000000000000901";"2026-06-30 09:20:09"
1402;"Mekhala";"Lala";"mekhala.lala.902@gmail.com";"+917137728326";"$2b$10$dummyhash00000000000000000902";"2025-08-18 00:33:09"
1403;"Eesha";"Zachariah";"eesha.zachariah.903@gmail.com";"+916917984468";"$2b$10$dummyhash00000000000000000903";"2025-06-05 18:26:09"
1404;"Tarak";"Atwal";"tarak.atwal.904@gmail.com";"+917469199097";"$2b$10$dummyhash00000000000000000904";"2026-06-25 16:02:09"
1405;"Radha";"Ghose";"radha.ghose.905@gmail.com";"+916636096827";"$2b$10$dummyhash00000000000000000905";"2025-08-10 01:00:09"
1406;"Yuvraj";"Cheema";"yuvraj.cheema.906@gmail.com";"+918151269290";"$2b$10$dummyhash00000000000000000906";"2025-08-30 13:45:09"
1407;"Ekiya";"Sem";"ekiya.sem.907@gmail.com";"+919912606166";"$2b$10$dummyhash00000000000000000907";"2026-01-30 16:58:09"
1408;"Panini";"Bahri";"panini.bahri.908@gmail.com";"+917295928430";"$2b$10$dummyhash00000000000000000908";"2024-10-01 16:16:09"
1409;"Warda";"Luthra";"warda.luthra.909@gmail.com";"+916526408726";"$2b$10$dummyhash00000000000000000909";"2025-04-17 14:43:09"
1410;"Rachana";"Warrior";"rachana.warrior.910@gmail.com";"+916164205391";"$2b$10$dummyhash00000000000000000910";"2026-05-31 19:41:09"
1411;"Jagrati";"Wagle";"jagrati.wagle.911@gmail.com";"+917785779917";"$2b$10$dummyhash00000000000000000911";"2026-03-04 14:09:09"
1412;"Zaitra";"Oak";"zaitra.oak.912@gmail.com";"+916881166286";"$2b$10$dummyhash00000000000000000912";"2026-03-08 13:56:09"
1413;"Zayan";"Kala";"zayan.kala.913@gmail.com";"+918928531808";"$2b$10$dummyhash00000000000000000913";"2025-02-08 00:25:09"
1414;"Omaja";"Bera";"omaja.bera.914@gmail.com";"+918660024880";"$2b$10$dummyhash00000000000000000914";"2025-09-05 14:23:09"
1415;"Ethan";"Jha";"ethan.jha.915@gmail.com";"+918886092025";"$2b$10$dummyhash00000000000000000915";"2024-10-17 21:44:09"
1416;"Balhaar";"De";"balhaar.de.916@gmail.com";"+918706682347";"$2b$10$dummyhash00000000000000000916";"2025-11-01 09:22:09"
1417;"Max";"Shere";"max.shere.917@gmail.com";"+917544903888";"$2b$10$dummyhash00000000000000000917";"2026-04-14 19:42:09"
1418;"Jatin";"Chander";"jatin.chander.918@gmail.com";"+919802890626";"$2b$10$dummyhash00000000000000000918";"2025-09-19 21:28:09"
1419;"Bhavika";"Shroff";"bhavika.shroff.919@gmail.com";"+919722106977";"$2b$10$dummyhash00000000000000000919";"2026-05-09 04:30:09"
1420;"Upadhriti";"Gera";"upadhriti.gera.920@gmail.com";"+918353578575";"$2b$10$dummyhash00000000000000000920";"2025-11-28 10:44:09"
1421;"Bahadurjit";"Dey";"bahadurjit.dey.921@gmail.com";"+918654562765";"$2b$10$dummyhash00000000000000000921";"2025-01-13 00:36:09"
1422;"Abhimanyu";"Kapadia";"abhimanyu.kapadia.922@gmail.com";"+917035771968";"$2b$10$dummyhash00000000000000000922";"2024-11-15 12:25:09"
1423;"Warinder";"Bahl";"warinder.bahl.923@gmail.com";"+917489246231";"$2b$10$dummyhash00000000000000000923";"2025-10-13 13:44:09"
1424;"Nidhi";"Vig";"nidhi.vig.924@gmail.com";"+918529969217";"$2b$10$dummyhash00000000000000000924";"2026-04-11 13:45:09"
1425;"Jalsa";"Tella";"jalsa.tella.925@gmail.com";"+919725233856";"$2b$10$dummyhash00000000000000000925";"2026-04-02 16:10:09"
1426;"Aadi";"Boase";"aadi.boase.926@gmail.com";"+916173595782";"$2b$10$dummyhash00000000000000000926";"2024-10-25 03:34:09"
1427;"Aadhya";"Kohli";"aadhya.kohli.927@gmail.com";"+918067831923";"$2b$10$dummyhash00000000000000000927";"2025-04-05 06:48:09"
1428;"Jackson";"Patel";"jackson.patel.928@gmail.com";"+919618079448";"$2b$10$dummyhash00000000000000000928";"2025-09-28 19:51:09"
1429;"Nakul";"Keer";"nakul.keer.929@gmail.com";"+917463377715";"$2b$10$dummyhash00000000000000000929";"2026-08-04 09:51:09"
1430;"Tara";"Rout";"tara.rout.930@gmail.com";"+917834839521";"$2b$10$dummyhash00000000000000000930";"2025-06-21 11:40:09"
1431;"Anirudh";"Chopra";"anirudh.chopra.931@gmail.com";"+916831782410";"$2b$10$dummyhash00000000000000000931";"2024-12-21 20:28:09"
1432;"Chanakya";"Mukhopadhyay";"chanakya.mukhopadhyay.932@gmail.com";"+919616919928";"$2b$10$dummyhash00000000000000000932";"2026-07-20 11:53:09"
1433;"Divya";"Viswanathan";"divya.viswanathan.933@gmail.com";"+919336761583";"$2b$10$dummyhash00000000000000000933";"2026-01-11 04:05:09"
1434;"Charan";"Bora";"charan.bora.934@gmail.com";"+916313781580";"$2b$10$dummyhash00000000000000000934";"2025-02-02 21:45:09"
1435;"Yamini";"Nayar";"yamini.nayar.935@gmail.com";"+917387847602";"$2b$10$dummyhash00000000000000000935";"2025-01-23 23:50:09"
1436;"Mahika";"Shetty";"mahika.shetty.936@gmail.com";"+919948064833";"$2b$10$dummyhash00000000000000000936";"2024-11-13 21:47:09"
1437;"Tristan";"Mander";"tristan.mander.937@gmail.com";"+916019850585";"$2b$10$dummyhash00000000000000000937";"2026-04-10 21:16:09"
1438;"Triya";"Verma";"triya.verma.938@gmail.com";"+919947623514";"$2b$10$dummyhash00000000000000000938";"2026-07-24 20:44:09"
1439;"Tara";"Chand";"tara.chand.939@gmail.com";"+916605303165";"$2b$10$dummyhash00000000000000000939";"2026-05-18 07:07:09"
1440;"Lakshit";"Lad";"lakshit.lad.940@gmail.com";"+918870538360";"$2b$10$dummyhash00000000000000000940";"2026-02-24 20:18:09"
1441;"Chakradev";"Bansal";"chakradev.bansal.941@gmail.com";"+919460975359";"$2b$10$dummyhash00000000000000000941";"2026-02-10 14:57:09"
1442;"Arin";"Behl";"arin.behl.942@gmail.com";"+919406614159";"$2b$10$dummyhash00000000000000000942";"2026-06-04 16:41:09"
1443;"Jasmit";"Sathe";"jasmit.sathe.943@gmail.com";"+918604819766";"$2b$10$dummyhash00000000000000000943";"2026-07-24 22:42:09"
1444;"Vidhi";"Hayer";"vidhi.hayer.944@gmail.com";"+918293442812";"$2b$10$dummyhash00000000000000000944";"2025-04-28 19:40:09"
1445;"Faras";"Ravel";"faras.ravel.945@gmail.com";"+917971758564";"$2b$10$dummyhash00000000000000000945";"2025-01-02 02:53:09"
1446;"Manan";"Dube";"manan.dube.946@gmail.com";"+918119623833";"$2b$10$dummyhash00000000000000000946";"2026-07-12 13:37:09"
1447;"Dalaja";"Reddy";"dalaja.reddy.947@gmail.com";"+919404008046";"$2b$10$dummyhash00000000000000000947";"2025-02-21 15:14:09"
1448;"Ekaraj";"Swamy";"ekaraj.swamy.948@gmail.com";"+918421273757";"$2b$10$dummyhash00000000000000000948";"2024-10-02 11:53:09"
1449;"Ikbal";"Shukla";"ikbal.shukla.949@gmail.com";"+916123668637";"$2b$10$dummyhash00000000000000000949";"2026-08-16 20:45:09"
1450;"Mitali";"Bakshi";"mitali.bakshi.950@gmail.com";"+916421594233";"$2b$10$dummyhash00000000000000000950";"2024-12-20 10:29:09"
1451;"Ojas";"Tella";"ojas.tella.951@gmail.com";"+919040293965";"$2b$10$dummyhash00000000000000000951";"2024-10-09 00:27:09"
1452;"Priya";"Gour";"priya.gour.952@gmail.com";"+919639727621";"$2b$10$dummyhash00000000000000000952";"2026-07-27 12:05:09"
1453;"Xalak";"Kari";"xalak.kari.953@gmail.com";"+918100137368";"$2b$10$dummyhash00000000000000000953";"2026-03-25 16:43:09"
1454;"Zayyan";"Shetty";"zayyan.shetty.954@gmail.com";"+918757367421";"$2b$10$dummyhash00000000000000000954";"2025-10-19 08:14:09"
1455;"Anya";"Hora";"anya.hora.955@gmail.com";"+918249156797";"$2b$10$dummyhash00000000000000000955";"2025-04-13 09:52:09"
1456;"Aarna";"Patel";"aarna.patel.956@gmail.com";"+919551493771";"$2b$10$dummyhash00000000000000000956";"2025-06-22 09:57:09"
1457;"Utkarsh";"Pillai";"utkarsh.pillai.957@gmail.com";"+916795280566";"$2b$10$dummyhash00000000000000000957";"2026-06-05 22:13:09"
1458;"Fiyaz";"De";"fiyaz.de.958@gmail.com";"+917749887462";"$2b$10$dummyhash00000000000000000958";"2025-12-04 23:52:09"
1459;"Udarsh";"Talwar";"udarsh.talwar.959@gmail.com";"+916368245192";"$2b$10$dummyhash00000000000000000959";"2026-05-15 03:36:09"
1460;"Aryan";"Sachdeva";"aryan.sachdeva.960@gmail.com";"+916071686135";"$2b$10$dummyhash00000000000000000960";"2026-07-31 10:28:09"
1461;"Tanveer";"Sahni";"tanveer.sahni.961@gmail.com";"+918297973651";"$2b$10$dummyhash00000000000000000961";"2025-06-10 16:58:09"
1462;"Om";"Chander";"om.chander.962@gmail.com";"+917368769781";"$2b$10$dummyhash00000000000000000962";"2024-10-08 16:23:09"
1463;"Oviya";"Kara";"oviya.kara.963@gmail.com";"+918364626341";"$2b$10$dummyhash00000000000000000963";"2025-02-12 19:04:09"
1464;"Neelima";"Buch";"neelima.buch.964@gmail.com";"+918892938604";"$2b$10$dummyhash00000000000000000964";"2026-07-11 09:35:09"
1465;"Yuvraj";"Hora";"yuvraj.hora.965@gmail.com";"+916702104115";"$2b$10$dummyhash00000000000000000965";"2025-02-26 21:29:09"
1466;"Leela";"Sibal";"leela.sibal.966@gmail.com";"+917535099919";"$2b$10$dummyhash00000000000000000966";"2026-01-19 22:12:09"
1467;"Vihaan";"Ben";"vihaan.ben.967@gmail.com";"+917279469061";"$2b$10$dummyhash00000000000000000967";"2025-11-12 13:39:09"
1468;"Yadavi";"Upadhyay";"yadavi.upadhyay.968@gmail.com";"+919987898052";"$2b$10$dummyhash00000000000000000968";"2026-02-02 19:01:09"
1469;"Triveni";"Ghosh";"triveni.ghosh.969@gmail.com";"+916571610050";"$2b$10$dummyhash00000000000000000969";"2025-09-28 07:02:09"
1470;"Owen";"Chauhan";"owen.chauhan.970@gmail.com";"+918190195786";"$2b$10$dummyhash00000000000000000970";"2024-12-30 16:55:09"
1471;"Watika";"Jaggi";"watika.jaggi.971@gmail.com";"+919571781056";"$2b$10$dummyhash00000000000000000971";"2025-06-01 02:18:09"
1472;"Orinder";"Yadav";"orinder.yadav.972@gmail.com";"+916789070879";"$2b$10$dummyhash00000000000000000972";"2025-07-29 01:05:09"
1473;"Amrita";"Choudhury";"amrita.choudhury.973@gmail.com";"+916572131705";"$2b$10$dummyhash00000000000000000973";"2025-03-18 17:07:09"
1474;"Qadim";"Viswanathan";"qadim.viswanathan.974@gmail.com";"+918636690969";"$2b$10$dummyhash00000000000000000974";"2025-10-23 03:29:09"
1475;"Chanchal";"Pandit";"chanchal.pandit.975@gmail.com";"+919492262843";"$2b$10$dummyhash00000000000000000975";"2026-01-22 09:44:09"
1476;"Yadavi";"Chowdhury";"yadavi.chowdhury.976@gmail.com";"+916437293229";"$2b$10$dummyhash00000000000000000976";"2025-06-05 16:06:09"
1477;"Nathan";"Behl";"nathan.behl.977@gmail.com";"+918686277200";"$2b$10$dummyhash00000000000000000977";"2025-11-27 08:55:09"
1478;"Tarak";"Dewan";"tarak.dewan.978@gmail.com";"+917318959404";"$2b$10$dummyhash00000000000000000978";"2024-12-01 00:41:09"
1479;"Lakshit";"Upadhyay";"lakshit.upadhyay.979@gmail.com";"+918218426196";"$2b$10$dummyhash00000000000000000979";"2025-06-26 02:54:09"
1480;"Alka";"Kara";"alka.kara.980@gmail.com";"+917808857150";"$2b$10$dummyhash00000000000000000980";"2026-02-18 02:31:09"
1481;"Manya";"Saha";"manya.saha.981@gmail.com";"+919895669997";"$2b$10$dummyhash00000000000000000981";"2026-04-06 20:45:09"
1482;"Urishilla";"Naik";"urishilla.naik.982@gmail.com";"+919058780194";"$2b$10$dummyhash00000000000000000982";"2025-12-30 22:47:09"
1483;"Liam";"Tailor";"liam.tailor.983@gmail.com";"+918082358305";"$2b$10$dummyhash00000000000000000983";"2024-11-22 08:45:09"
1484;"Jagvi";"Pingle";"jagvi.pingle.984@gmail.com";"+918260822056";"$2b$10$dummyhash00000000000000000984";"2024-10-01 11:44:09"
1485;"Champak";"Aggarwal";"champak.aggarwal.985@gmail.com";"+917573365981";"$2b$10$dummyhash00000000000000000985";"2025-03-18 03:33:09"
1486;"Umang";"Dar";"umang.dar.986@gmail.com";"+919211296366";"$2b$10$dummyhash00000000000000000986";"2024-10-05 03:10:09"
1487;"Banjeet";"Kar";"banjeet.kar.987@gmail.com";"+918087242412";"$2b$10$dummyhash00000000000000000987";"2025-07-12 00:57:09"
1488;"Ladli";"Suresh";"ladli.suresh.988@gmail.com";"+919149672968";"$2b$10$dummyhash00000000000000000988";"2025-09-11 10:59:09"
1489;"Bishakha";"Vasa";"bishakha.vasa.989@gmail.com";"+919963980007";"$2b$10$dummyhash00000000000000000989";"2025-06-11 18:30:09"
1490;"Pahal";"Badami";"pahal.badami.990@gmail.com";"+919851510095";"$2b$10$dummyhash00000000000000000990";"2025-12-05 08:15:09"
1491;"Jagat";"Munshi";"jagat.munshi.991@gmail.com";"+919799902186";"$2b$10$dummyhash00000000000000000991";"2024-12-26 09:01:09"
1492;"Vivaan";"Sarma";"vivaan.sarma.992@gmail.com";"+919712061533";"$2b$10$dummyhash00000000000000000992";"2025-04-03 11:44:09"
1493;"Fariq";"Johal";"fariq.johal.993@gmail.com";"+917490595139";"$2b$10$dummyhash00000000000000000993";"2025-09-25 23:04:09"
1494;"Darsh";"Madan";"darsh.madan.994@gmail.com";"+916445379372";"$2b$10$dummyhash00000000000000000994";"2026-01-22 02:31:09"
1495;"Aditya";"Bhardwaj";"aditya.bhardwaj.995@gmail.com";"+916648819130";"$2b$10$dummyhash00000000000000000995";"2025-06-08 17:14:09"
1496;"Ridhi";"Shah";"ridhi.shah.996@gmail.com";"+918109408875";"$2b$10$dummyhash00000000000000000996";"2024-10-09 10:17:09"
1497;"Ranveer";"Jaggi";"ranveer.jaggi.997@gmail.com";"+916901991201";"$2b$10$dummyhash00000000000000000997";"2025-02-28 19:49:09"
1498;"Saksham";"Anne";"saksham.anne.998@gmail.com";"+919496620701";"$2b$10$dummyhash00000000000000000998";"2026-03-07 12:59:09"
1499;"Dhruv";"Grewal";"dhruv.grewal.999@gmail.com";"+919438165284";"$2b$10$dummyhash00000000000000000999";"2026-04-05 17:30:09"
1500;"Vinaya";"Tiwari";"vinaya.tiwari.1000@gmail.com";"+916709048226";"$2b$10$dummyhash00000000000000001000";"2025-01-16 03:16:09"
1501;"Chavvi";"Maharaj";"chavvi.maharaj.1001@gmail.com";"+918314992205";"$2b$10$dummyhash00000000000000001001";"2026-04-23 06:27:09"
1502;"Ekalinga";"Keer";"ekalinga.keer.1002@gmail.com";"+919903872677";"$2b$10$dummyhash00000000000000001002";"2025-02-06 11:53:09"
1503;"Dakshesh";"Dey";"dakshesh.dey.1003@gmail.com";"+918022810996";"$2b$10$dummyhash00000000000000001003";"2025-05-04 00:35:09"
1504;"Abhiram";"Chopra";"abhiram.chopra.1004@gmail.com";"+918738864887";"$2b$10$dummyhash00000000000000001004";"2025-03-28 01:13:09"
1505;"Kritika";"Tara";"kritika.tara.1005@gmail.com";"+917101466167";"$2b$10$dummyhash00000000000000001005";"2025-11-04 22:12:09"
1506;"Ladli";"Nair";"ladli.nair.1006@gmail.com";"+917336311246";"$2b$10$dummyhash00000000000000001006";"2024-10-11 14:56:09"
1507;"Anya";"Bhavsar";"anya.bhavsar.1007@gmail.com";"+917107105810";"$2b$10$dummyhash00000000000000001007";"2025-06-02 06:08:09"
1508;"Finn";"Joshi";"finn.joshi.1008@gmail.com";"+919447254649";"$2b$10$dummyhash00000000000000001008";"2025-01-09 21:32:09"
1509;"Isaiah";"Ramanathan";"isaiah.ramanathan.1009@gmail.com";"+918245145835";"$2b$10$dummyhash00000000000000001009";"2026-06-22 05:02:09"
1510;"Irya";"Bhargava";"irya.bhargava.1010@gmail.com";"+919823446156";"$2b$10$dummyhash00000000000000001010";"2025-07-14 07:10:09"
1511;"Irya";"Wagle";"irya.wagle.1011@gmail.com";"+918817632391";"$2b$10$dummyhash00000000000000001011";"2025-09-10 12:18:09"
1512;"Lavanya";"Saran";"lavanya.saran.1012@gmail.com";"+916419560593";"$2b$10$dummyhash00000000000000001012";"2025-09-15 08:08:09"
1513;"Sai";"Guha";"sai.guha.1013@gmail.com";"+919542326295";"$2b$10$dummyhash00000000000000001013";"2026-03-26 00:16:09"
1514;"Laksh";"Kala";"laksh.kala.1014@gmail.com";"+917795211082";"$2b$10$dummyhash00000000000000001014";"2025-12-05 11:53:09"
1515;"Jeremiah";"Cherian";"jeremiah.cherian.1015@gmail.com";"+916540523122";"$2b$10$dummyhash00000000000000001015";"2024-12-26 10:33:09"
1516;"Raksha";"Nigam";"raksha.nigam.1016@gmail.com";"+917380818832";"$2b$10$dummyhash00000000000000001016";"2024-11-20 16:06:09"
1517;"Kamya";"Bora";"kamya.bora.1017@gmail.com";"+916875618090";"$2b$10$dummyhash00000000000000001017";"2024-12-18 03:09:09"
1518;"Aadi";"Sagar";"aadi.sagar.1018@gmail.com";"+917722361943";"$2b$10$dummyhash00000000000000001018";"2025-09-10 08:41:09"
1519;"Varenya";"Sabharwal";"varenya.sabharwal.1019@gmail.com";"+916828541361";"$2b$10$dummyhash00000000000000001019";"2025-05-19 05:43:09"
1520;"Aadhya";"Warrior";"aadhya.warrior.1020@gmail.com";"+917749299407";"$2b$10$dummyhash00000000000000001020";"2024-12-11 20:35:09"
1521;"Tanish";"Bedi";"tanish.bedi.1021@gmail.com";"+919005821363";"$2b$10$dummyhash00000000000000001021";"2025-06-19 11:33:09"
1522;"Aarav";"Modi";"aarav.modi.1022@gmail.com";"+919023810023";"$2b$10$dummyhash00000000000000001022";"2026-02-09 11:02:09"
1523;"Hema";"Sharma";"hema.sharma.1023@gmail.com";"+917005718554";"$2b$10$dummyhash00000000000000001023";"2025-06-22 11:46:09"
1524;"Jeet";"Sani";"jeet.sani.1024@gmail.com";"+917799700956";"$2b$10$dummyhash00000000000000001024";"2024-12-31 19:58:09"
1525;"Lopa";"Bhasin";"lopa.bhasin.1025@gmail.com";"+918029519633";"$2b$10$dummyhash00000000000000001025";"2024-12-09 12:50:09"
1526;"Advik";"Pingle";"advik.pingle.1026@gmail.com";"+918849943831";"$2b$10$dummyhash00000000000000001026";"2024-11-09 15:23:09"
1527;"Mitali";"Gandhi";"mitali.gandhi.1027@gmail.com";"+917554559284";"$2b$10$dummyhash00000000000000001027";"2025-09-18 16:11:09"
1528;"Advay";"Deep";"advay.deep.1028@gmail.com";"+919759932822";"$2b$10$dummyhash00000000000000001028";"2026-04-14 20:35:09"
1529;"Samuel";"Mukhopadhyay";"samuel.mukhopadhyay.1029@gmail.com";"+918146807756";"$2b$10$dummyhash00000000000000001029";"2026-06-16 16:22:09"
1530;"Onkar";"Sant";"onkar.sant.1030@gmail.com";"+916407304854";"$2b$10$dummyhash00000000000000001030";"2024-11-25 21:08:09"
1531;"Harshil";"Parekh";"harshil.parekh.1031@gmail.com";"+918373913875";"$2b$10$dummyhash00000000000000001031";"2026-03-09 15:42:09"
1532;"Falan";"Walia";"falan.walia.1032@gmail.com";"+917438682138";"$2b$10$dummyhash00000000000000001032";"2025-08-23 05:47:09"
1533;"Wishi";"Munshi";"wishi.munshi.1033@gmail.com";"+916217355019";"$2b$10$dummyhash00000000000000001033";"2025-05-19 00:31:09"
1534;"Janya";"Iyengar";"janya.iyengar.1034@gmail.com";"+917042500958";"$2b$10$dummyhash00000000000000001034";"2026-08-05 12:09:09"
1535;"Girindra";"Shan";"girindra.shan.1035@gmail.com";"+916476541230";"$2b$10$dummyhash00000000000000001035";"2025-01-29 01:20:09"
1536;"Tamanna";"Sarraf";"tamanna.sarraf.1036@gmail.com";"+918983403189";"$2b$10$dummyhash00000000000000001036";"2025-01-18 11:50:09"
1537;"Peter";"Randhawa";"peter.randhawa.1037@gmail.com";"+917779590378";"$2b$10$dummyhash00000000000000001037";"2025-06-30 12:41:09"
1538;"Arunima";"Ravel";"arunima.ravel.1038@gmail.com";"+917655459706";"$2b$10$dummyhash00000000000000001038";"2026-08-14 15:04:09"
1539;"Zayan";"Ramachandran";"zayan.ramachandran.1039@gmail.com";"+917266391917";"$2b$10$dummyhash00000000000000001039";"2025-09-01 13:38:09"
1540;"Nihal";"Mander";"nihal.mander.1040@gmail.com";"+916592362072";"$2b$10$dummyhash00000000000000001040";"2025-07-12 19:12:09"
1541;"Edhitha";"Cheema";"edhitha.cheema.1041@gmail.com";"+918353291319";"$2b$10$dummyhash00000000000000001041";"2024-11-24 01:56:09"
1542;"Ishwar";"Kibe";"ishwar.kibe.1042@gmail.com";"+918059776559";"$2b$10$dummyhash00000000000000001042";"2025-10-22 16:47:09"
1543;"Xiti";"Kadakia";"xiti.kadakia.1043@gmail.com";"+917312509663";"$2b$10$dummyhash00000000000000001043";"2025-09-25 09:58:09"
1544;"Orinder";"Keer";"orinder.keer.1044@gmail.com";"+917414561711";"$2b$10$dummyhash00000000000000001044";"2026-06-03 13:42:09"
1545;"Ojas";"Dugar";"ojas.dugar.1045@gmail.com";"+919528976016";"$2b$10$dummyhash00000000000000001045";"2025-10-04 04:29:09"
1546;"Farhan";"Sathe";"farhan.sathe.1046@gmail.com";"+917266395105";"$2b$10$dummyhash00000000000000001046";"2025-06-20 23:30:09"
1547;"Eta";"Reddy";"eta.reddy.1047@gmail.com";"+919408612901";"$2b$10$dummyhash00000000000000001047";"2025-11-03 18:12:09"
1548;"Damyanti";"Tank";"damyanti.tank.1048@gmail.com";"+918205780485";"$2b$10$dummyhash00000000000000001048";"2025-08-15 20:47:09"
1549;"Upasna";"Sengupta";"upasna.sengupta.1049@gmail.com";"+917715403309";"$2b$10$dummyhash00000000000000001049";"2024-11-11 16:52:09"
1550;"Liam";"Patil";"liam.patil.1050@gmail.com";"+919172170484";"$2b$10$dummyhash00000000000000001050";"2025-05-09 05:30:09"
1551;"Liam";"Bajwa";"liam.bajwa.1051@gmail.com";"+919348376830";"$2b$10$dummyhash00000000000000001051";"2024-10-01 12:04:09"
1552;"Saanvi";"Varkey";"saanvi.varkey.1052@gmail.com";"+919104879560";"$2b$10$dummyhash00000000000000001052";"2026-03-28 15:22:09"
1553;"Vrinda";"Lal";"vrinda.lal.1053@gmail.com";"+919253533912";"$2b$10$dummyhash00000000000000001053";"2024-11-07 21:28:09"
1554;"Qushi";"Manne";"qushi.manne.1054@gmail.com";"+916552367109";"$2b$10$dummyhash00000000000000001054";"2024-11-26 15:14:09"
1555;"Manbir";"Madan";"manbir.madan.1055@gmail.com";"+918628900245";"$2b$10$dummyhash00000000000000001055";"2024-12-14 18:38:09"
1556;"Yasti";"Walla";"yasti.walla.1056@gmail.com";"+917985136465";"$2b$10$dummyhash00000000000000001056";"2026-05-23 18:01:09"
1557;"Bahadurjit";"Amble";"bahadurjit.amble.1057@gmail.com";"+919794390437";"$2b$10$dummyhash00000000000000001057";"2025-02-20 02:54:09"
1558;"Nitesh";"Mammen";"nitesh.mammen.1058@gmail.com";"+917151952394";"$2b$10$dummyhash00000000000000001058";"2026-02-28 00:20:09"
1559;"Balveer";"Ranganathan";"balveer.ranganathan.1059@gmail.com";"+916624141334";"$2b$10$dummyhash00000000000000001059";"2025-08-16 00:06:09"
1560;"Lakshit";"Borah";"lakshit.borah.1060@gmail.com";"+917658463287";"$2b$10$dummyhash00000000000000001060";"2025-05-28 13:24:09"
1561;"Harshil";"Modi";"harshil.modi.1061@gmail.com";"+918683010298";"$2b$10$dummyhash00000000000000001061";"2026-06-22 05:26:09"
1562;"Ronith";"Handa";"ronith.handa.1062@gmail.com";"+916312012739";"$2b$10$dummyhash00000000000000001062";"2025-06-12 01:06:09"
1563;"Hema";"Khalsa";"hema.khalsa.1063@gmail.com";"+916500244520";"$2b$10$dummyhash00000000000000001063";"2025-07-02 18:06:09"
1564;"Netra";"Jhaveri";"netra.jhaveri.1064@gmail.com";"+918445923080";"$2b$10$dummyhash00000000000000001064";"2025-09-28 05:03:09"
1565;"Sanya";"Narayanan";"sanya.narayanan.1065@gmail.com";"+919568256018";"$2b$10$dummyhash00000000000000001065";"2024-10-12 00:56:09"
1566;"Xavier";"Bawa";"xavier.bawa.1066@gmail.com";"+919535919164";"$2b$10$dummyhash00000000000000001066";"2025-11-18 13:03:09"
1567;"Rajeshri";"Shankar";"rajeshri.shankar.1067@gmail.com";"+916143451258";"$2b$10$dummyhash00000000000000001067";"2026-07-20 04:23:09"
1568;"Kai";"Pal";"kai.pal.1068@gmail.com";"+919350500746";"$2b$10$dummyhash00000000000000001068";"2025-06-30 20:08:09"
1569;"Hema";"Madan";"hema.madan.1069@gmail.com";"+918313324434";"$2b$10$dummyhash00000000000000001069";"2026-07-23 17:57:09"
1570;"Peter";"Goswami";"peter.goswami.1070@gmail.com";"+916763866677";"$2b$10$dummyhash00000000000000001070";"2025-03-06 06:58:09"
1571;"Sneha";"Pall";"sneha.pall.1071@gmail.com";"+916402614478";"$2b$10$dummyhash00000000000000001071";"2025-03-20 21:22:09"
1572;"Harish";"Patil";"harish.patil.1072@gmail.com";"+918322069067";"$2b$10$dummyhash00000000000000001072";"2025-12-25 15:03:09"
1573;"Max";"Luthra";"max.luthra.1073@gmail.com";"+916211575182";"$2b$10$dummyhash00000000000000001073";"2025-02-05 23:52:09"
1574;"Damyanti";"Deshmukh";"damyanti.deshmukh.1074@gmail.com";"+917366231984";"$2b$10$dummyhash00000000000000001074";"2026-05-12 13:58:09"
1575;"Isaiah";"Tiwari";"isaiah.tiwari.1075@gmail.com";"+918554200438";"$2b$10$dummyhash00000000000000001075";"2025-08-05 08:04:09"
1576;"Priya";"Sur";"priya.sur.1076@gmail.com";"+919210155442";"$2b$10$dummyhash00000000000000001076";"2025-03-27 11:34:09"
1577;"Anusha";"Sunder";"anusha.sunder.1077@gmail.com";"+917390472040";"$2b$10$dummyhash00000000000000001077";"2025-03-11 14:33:09"
1578;"Libni";"Patla";"libni.patla.1078@gmail.com";"+916111469216";"$2b$10$dummyhash00000000000000001078";"2025-04-05 13:47:09"
1579;"Umang";"Rajagopalan";"umang.rajagopalan.1079@gmail.com";"+916905877167";"$2b$10$dummyhash00000000000000001079";"2025-10-14 12:23:09"
1580;"Ekaraj";"Bahri";"ekaraj.bahri.1080@gmail.com";"+919571363515";"$2b$10$dummyhash00000000000000001080";"2026-03-18 00:58:09"
1581;"Warjas";"Krishnamurthy";"warjas.krishnamurthy.1081@gmail.com";"+916790179183";"$2b$10$dummyhash00000000000000001081";"2024-10-14 11:11:09"
1582;"Ekavir";"Loke";"ekavir.loke.1082@gmail.com";"+919599362861";"$2b$10$dummyhash00000000000000001082";"2025-09-15 07:58:09"
1583;"Aarini";"Cheema";"aarini.cheema.1083@gmail.com";"+917218332128";"$2b$10$dummyhash00000000000000001083";"2025-07-13 03:39:09"
1584;"Ranbir";"Char";"ranbir.char.1084@gmail.com";"+917171630116";"$2b$10$dummyhash00000000000000001084";"2026-02-14 20:51:09"
1585;"Reyansh";"Gopal";"reyansh.gopal.1085@gmail.com";"+916247469068";"$2b$10$dummyhash00000000000000001085";"2026-04-21 13:15:09"
1586;"Omisha";"Bhavsar";"omisha.bhavsar.1086@gmail.com";"+916859024932";"$2b$10$dummyhash00000000000000001086";"2025-04-28 06:15:09"
1587;"Divya";"Gill";"divya.gill.1087@gmail.com";"+919302796909";"$2b$10$dummyhash00000000000000001087";"2026-04-16 08:24:09"
1588;"Eshana";"Kapoor";"eshana.kapoor.1088@gmail.com";"+916572602534";"$2b$10$dummyhash00000000000000001088";"2026-02-11 05:02:09"
1589;"Wyatt";"Oak";"wyatt.oak.1089@gmail.com";"+918445912267";"$2b$10$dummyhash00000000000000001089";"2025-06-28 06:53:09"
1590;"Mohini";"Tiwari";"mohini.tiwari.1090@gmail.com";"+916378463129";"$2b$10$dummyhash00000000000000001090";"2025-04-15 01:43:09"
1591;"Harini";"Khare";"harini.khare.1091@gmail.com";"+919838760111";"$2b$10$dummyhash00000000000000001091";"2026-03-07 02:05:09"
1592;"Ojas";"Maharaj";"ojas.maharaj.1092@gmail.com";"+917171990568";"$2b$10$dummyhash00000000000000001092";"2026-01-11 06:34:09"
1593;"Abeer";"Mahal";"abeer.mahal.1093@gmail.com";"+916805718114";"$2b$10$dummyhash00000000000000001093";"2025-01-11 14:37:09"
1594;"Gagan";"Peri";"gagan.peri.1094@gmail.com";"+918357129072";"$2b$10$dummyhash00000000000000001094";"2026-06-12 12:53:09"
1595;"Abhiram";"Thaker";"abhiram.thaker.1095@gmail.com";"+919790260165";"$2b$10$dummyhash00000000000000001095";"2026-07-27 08:13:09"
1596;"Siya";"Cheema";"siya.cheema.1096@gmail.com";"+918937525464";"$2b$10$dummyhash00000000000000001096";"2025-07-12 19:48:09"
1597;"Falan";"Wason";"falan.wason.1097@gmail.com";"+916525079330";"$2b$10$dummyhash00000000000000001097";"2026-08-07 05:38:09"
1598;"Ishita";"Ray";"ishita.ray.1098@gmail.com";"+918188486079";"$2b$10$dummyhash00000000000000001098";"2024-11-11 03:19:09"
1599;"Wahab";"Mital";"wahab.mital.1099@gmail.com";"+917405581790";"$2b$10$dummyhash00000000000000001099";"2026-02-20 20:10:09"
1600;"Zayyan";"Gaba";"zayyan.gaba.1100@gmail.com";"+916153990676";"$2b$10$dummyhash00000000000000001100";"2026-03-31 18:45:09"
1601;"Balveer";"Narula";"balveer.narula.1101@gmail.com";"+916965932856";"$2b$10$dummyhash00000000000000001101";"2026-05-30 20:14:09"
1602;"Panini";"Lall";"panini.lall.1102@gmail.com";"+918287156081";"$2b$10$dummyhash00000000000000001102";"2025-05-24 04:31:09"
1603;"Tanmayi";"Biswas";"tanmayi.biswas.1103@gmail.com";"+916706504917";"$2b$10$dummyhash00000000000000001103";"2025-01-16 09:53:09"
1604;"Parth";"Sule";"parth.sule.1104@gmail.com";"+918642691386";"$2b$10$dummyhash00000000000000001104";"2026-08-23 04:10:09"
1605;"Nidhi";"Sridhar";"nidhi.sridhar.1105@gmail.com";"+918520961889";"$2b$10$dummyhash00000000000000001105";"2025-04-18 22:55:09"
1606;"Janani";"Karnik";"janani.karnik.1106@gmail.com";"+916083014432";"$2b$10$dummyhash00000000000000001106";"2025-09-16 09:48:09"
1607;"Vritti";"Thakur";"vritti.thakur.1107@gmail.com";"+919159310094";"$2b$10$dummyhash00000000000000001107";"2025-12-04 15:50:09"
1608;"Jeremiah";"Radhakrishnan";"jeremiah.radhakrishnan.1108@gmail.com";"+916593555597";"$2b$10$dummyhash00000000000000001108";"2025-01-24 13:06:09"
1609;"Abeer";"Dua";"abeer.dua.1109@gmail.com";"+916868951671";"$2b$10$dummyhash00000000000000001109";"2025-03-09 21:57:09"
1610;"Nathan";"Karpe";"nathan.karpe.1110@gmail.com";"+919658536059";"$2b$10$dummyhash00000000000000001110";"2025-11-09 20:51:09"
1611;"Advika";"Lanka";"advika.lanka.1111@gmail.com";"+919607504905";"$2b$10$dummyhash00000000000000001111";"2025-08-20 17:21:09"
1612;"Arin";"Naik";"arin.naik.1112@gmail.com";"+917325923265";"$2b$10$dummyhash00000000000000001112";"2026-04-30 18:55:09"
1613;"Panini";"Barad";"panini.barad.1113@gmail.com";"+919117673363";"$2b$10$dummyhash00000000000000001113";"2026-08-21 18:57:09"
1614;"Advay";"Borah";"advay.borah.1114@gmail.com";"+919375294490";"$2b$10$dummyhash00000000000000001114";"2025-11-07 11:07:09"
1615;"Timothy";"Narula";"timothy.narula.1115@gmail.com";"+918687194997";"$2b$10$dummyhash00000000000000001115";"2026-01-03 01:57:09"
1616;"Pahal";"Dyal";"pahal.dyal.1116@gmail.com";"+919827753485";"$2b$10$dummyhash00000000000000001116";"2025-04-04 22:44:09"
1617;"Robert";"Bhalla";"robert.bhalla.1117@gmail.com";"+916846420245";"$2b$10$dummyhash00000000000000001117";"2025-07-09 18:51:09"
1618;"Chandresh";"Dave";"chandresh.dave.1118@gmail.com";"+918029191514";"$2b$10$dummyhash00000000000000001118";"2026-01-24 08:12:09"
1619;"Anthony";"Sabharwal";"anthony.sabharwal.1119@gmail.com";"+916278759431";"$2b$10$dummyhash00000000000000001119";"2026-03-16 13:56:09"
1620;"Indali";"Andra";"indali.andra.1120@gmail.com";"+919810098710";"$2b$10$dummyhash00000000000000001120";"2026-05-12 03:36:09"
1621;"Eshana";"Vig";"eshana.vig.1121@gmail.com";"+919311405742";"$2b$10$dummyhash00000000000000001121";"2025-01-04 09:55:09"
1622;"Turvi";"Nori";"turvi.nori.1122@gmail.com";"+916974545093";"$2b$10$dummyhash00000000000000001122";"2025-08-26 21:16:09"
1623;"Jeevika";"Choudhary";"jeevika.choudhary.1123@gmail.com";"+919978033040";"$2b$10$dummyhash00000000000000001123";"2026-04-27 03:37:09"
1624;"Krish";"Manda";"krish.manda.1124@gmail.com";"+916820638266";"$2b$10$dummyhash00000000000000001124";"2025-10-11 00:59:09"
1625;"Meghana";"Ramachandran";"meghana.ramachandran.1125@gmail.com";"+917306059863";"$2b$10$dummyhash00000000000000001125";"2026-07-31 16:59:09"
1626;"Waida";"Dyal";"waida.dyal.1126@gmail.com";"+916579270366";"$2b$10$dummyhash00000000000000001126";"2025-05-10 05:28:09"
1627;"Rachit";"Choudhury";"rachit.choudhury.1127@gmail.com";"+919052580413";"$2b$10$dummyhash00000000000000001127";"2024-11-16 07:04:09"
1628;"Anusha";"Varty";"anusha.varty.1128@gmail.com";"+917792184767";"$2b$10$dummyhash00000000000000001128";"2025-11-04 18:17:09"
1629;"Veda";"Kashyap";"veda.kashyap.1129@gmail.com";"+917775531799";"$2b$10$dummyhash00000000000000001129";"2024-11-14 20:54:09"
1630;"Jonathan";"Sama";"jonathan.sama.1130@gmail.com";"+916007216853";"$2b$10$dummyhash00000000000000001130";"2024-12-05 08:55:09"
1631;"Neelima";"Kohli";"neelima.kohli.1131@gmail.com";"+918741599354";"$2b$10$dummyhash00000000000000001131";"2024-11-28 21:38:09"
1632;"Ansh";"Cheema";"ansh.cheema.1132@gmail.com";"+919323049148";"$2b$10$dummyhash00000000000000001132";"2025-10-22 10:01:09"
1633;"Rachit";"More";"rachit.more.1133@gmail.com";"+916615255945";"$2b$10$dummyhash00000000000000001133";"2024-10-21 02:28:09"
1634;"Fitan";"Khurana";"fitan.khurana.1134@gmail.com";"+918051893276";"$2b$10$dummyhash00000000000000001134";"2025-06-05 18:52:09"
1635;"Nakul";"Srinivas";"nakul.srinivas.1135@gmail.com";"+917762460612";"$2b$10$dummyhash00000000000000001135";"2026-04-05 03:35:09"
1636;"Darsh";"Oza";"darsh.oza.1136@gmail.com";"+916008992755";"$2b$10$dummyhash00000000000000001136";"2025-09-28 06:55:09"
1637;"Upasna";"Basak";"upasna.basak.1137@gmail.com";"+919561561050";"$2b$10$dummyhash00000000000000001137";"2025-02-28 19:55:09"
1638;"Vedika";"Salvi";"vedika.salvi.1138@gmail.com";"+917100364493";"$2b$10$dummyhash00000000000000001138";"2024-09-29 15:40:09"
1639;"Robert";"Ahluwalia";"robert.ahluwalia.1139@gmail.com";"+919072811098";"$2b$10$dummyhash00000000000000001139";"2025-04-29 17:01:09"
1640;"Ati";"Hans";"ati.hans.1140@gmail.com";"+917263577786";"$2b$10$dummyhash00000000000000001140";"2026-04-04 09:22:09"
1641;"Anamika";"Trivedi";"anamika.trivedi.1141@gmail.com";"+919852839578";"$2b$10$dummyhash00000000000000001141";"2025-03-16 15:18:09"
1642;"Varsha";"Pant";"varsha.pant.1142@gmail.com";"+917529852949";"$2b$10$dummyhash00000000000000001142";"2025-03-27 01:52:09"
1643;"Wishi";"Kar";"wishi.kar.1143@gmail.com";"+916622492857";"$2b$10$dummyhash00000000000000001143";"2025-02-22 18:48:09"
1644;"Osha";"Kapadia";"osha.kapadia.1144@gmail.com";"+917804391328";"$2b$10$dummyhash00000000000000001144";"2025-02-10 22:24:09"
1645;"Faris";"Jain";"faris.jain.1145@gmail.com";"+918582833376";"$2b$10$dummyhash00000000000000001145";"2026-01-02 23:12:09"
1646;"Quincy";"Srinivas";"quincy.srinivas.1146@gmail.com";"+917575318391";"$2b$10$dummyhash00000000000000001146";"2024-10-08 09:51:09"
1647;"Noah";"Ratti";"noah.ratti.1147@gmail.com";"+916531993747";"$2b$10$dummyhash00000000000000001147";"2025-08-16 01:41:09"
1648;"Benjamin";"Agarwal";"benjamin.agarwal.1148@gmail.com";"+919788591523";"$2b$10$dummyhash00000000000000001148";"2024-11-10 18:43:09"
1649;"Falan";"Rana";"falan.rana.1149@gmail.com";"+918222492117";"$2b$10$dummyhash00000000000000001149";"2025-02-24 02:52:09"
1650;"Anvi";"Chakraborty";"anvi.chakraborty.1150@gmail.com";"+917220720130";"$2b$10$dummyhash00000000000000001150";"2025-03-11 02:18:09"
1651;"Adya";"Dhawan";"adya.dhawan.1151@gmail.com";"+917085585011";"$2b$10$dummyhash00000000000000001151";"2026-05-31 08:56:09"
1652;"Gauri";"Jaggi";"gauri.jaggi.1152@gmail.com";"+916892192729";"$2b$10$dummyhash00000000000000001152";"2025-11-19 15:08:09"
1653;"Naveen";"Vala";"naveen.vala.1153@gmail.com";"+918788479996";"$2b$10$dummyhash00000000000000001153";"2024-11-18 08:41:09"
1654;"Orinder";"Zacharia";"orinder.zacharia.1154@gmail.com";"+918079724039";"$2b$10$dummyhash00000000000000001154";"2025-03-02 17:37:09"
1655;"Megha";"Talwar";"megha.talwar.1155@gmail.com";"+918439257156";"$2b$10$dummyhash00000000000000001155";"2025-12-16 07:18:09"
1656;"Vasatika";"Khanna";"vasatika.khanna.1156@gmail.com";"+917200011546";"$2b$10$dummyhash00000000000000001156";"2025-08-09 19:21:09"
1657;"Madhavi";"Nazareth";"madhavi.nazareth.1157@gmail.com";"+916366795919";"$2b$10$dummyhash00000000000000001157";"2024-10-24 12:25:09"
1658;"Abdul";"Deshmukh";"abdul.deshmukh.1158@gmail.com";"+917417296486";"$2b$10$dummyhash00000000000000001158";"2025-10-15 15:54:09"
1659;"Zehaan";"Kibe";"zehaan.kibe.1159@gmail.com";"+916308853969";"$2b$10$dummyhash00000000000000001159";"2026-03-14 06:37:09"
1660;"Kamya";"Madan";"kamya.madan.1160@gmail.com";"+916895923958";"$2b$10$dummyhash00000000000000001160";"2025-01-04 04:48:09"
1661;"Manbir";"Ganesan";"manbir.ganesan.1161@gmail.com";"+916970379351";"$2b$10$dummyhash00000000000000001161";"2025-02-25 06:42:09"
1662;"Farhan";"Wable";"farhan.wable.1162@gmail.com";"+916220379696";"$2b$10$dummyhash00000000000000001162";"2024-12-18 19:56:09"
1663;"Ikbal";"Ramesh";"ikbal.ramesh.1163@gmail.com";"+918740453761";"$2b$10$dummyhash00000000000000001163";"2025-07-07 16:45:09"
1664;"Mohini";"Palla";"mohini.palla.1164@gmail.com";"+917361027671";"$2b$10$dummyhash00000000000000001164";"2026-06-28 19:48:09"
1665;"Arjun";"Sabharwal";"arjun.sabharwal.1165@gmail.com";"+917365932945";"$2b$10$dummyhash00000000000000001165";"2026-05-30 18:59:09"
1666;"Dev";"Sidhu";"dev.sidhu.1166@gmail.com";"+919058449990";"$2b$10$dummyhash00000000000000001166";"2025-12-29 19:28:09"
1667;"Agastya";"Prabhu";"agastya.prabhu.1167@gmail.com";"+917778152729";"$2b$10$dummyhash00000000000000001167";"2025-06-23 15:31:09"
1668;"Oni";"Ravi";"oni.ravi.1168@gmail.com";"+917225075310";"$2b$10$dummyhash00000000000000001168";"2025-10-19 16:33:09"
1669;"Oliver";"Rao";"oliver.rao.1169@gmail.com";"+917875137937";"$2b$10$dummyhash00000000000000001169";"2026-01-24 23:33:09"
1670;"Chaitanya";"Mukherjee";"chaitanya.mukherjee.1170@gmail.com";"+919266095683";"$2b$10$dummyhash00000000000000001170";"2025-05-17 10:34:09"
1671;"Yatan";"Barman";"yatan.barman.1171@gmail.com";"+919715348449";"$2b$10$dummyhash00000000000000001171";"2026-02-04 17:34:09"
1672;"Victor";"Ray";"victor.ray.1172@gmail.com";"+916896791571";"$2b$10$dummyhash00000000000000001172";"2025-05-10 19:23:09"
1673;"Yashoda";"Bains";"yashoda.bains.1173@gmail.com";"+918598763545";"$2b$10$dummyhash00000000000000001173";"2025-10-11 22:21:09"
1674;"Jack";"Som";"jack.som.1174@gmail.com";"+918541052557";"$2b$10$dummyhash00000000000000001174";"2025-02-17 23:26:09"
1675;"Sarthak";"Thaker";"sarthak.thaker.1175@gmail.com";"+917994703343";"$2b$10$dummyhash00000000000000001175";"2026-05-12 02:26:09"
1676;"Samuel";"Narasimhan";"samuel.narasimhan.1176@gmail.com";"+917121864181";"$2b$10$dummyhash00000000000000001176";"2026-02-23 10:41:09"
1677;"Janaki";"Naik";"janaki.naik.1177@gmail.com";"+918380079414";"$2b$10$dummyhash00000000000000001177";"2025-07-03 10:33:09"
1678;"Timothy";"Nanda";"timothy.nanda.1178@gmail.com";"+919629912156";"$2b$10$dummyhash00000000000000001178";"2025-01-20 18:43:09"
1679;"Yauvani";"Chakrabarti";"yauvani.chakrabarti.1179@gmail.com";"+917736468586";"$2b$10$dummyhash00000000000000001179";"2025-12-07 03:10:09"
1680;"Isaac";"Sastry";"isaac.sastry.1180@gmail.com";"+916039475251";"$2b$10$dummyhash00000000000000001180";"2025-11-06 08:18:09"
1681;"Daksh";"Loke";"daksh.loke.1181@gmail.com";"+917521569592";"$2b$10$dummyhash00000000000000001181";"2025-02-11 18:13:09"
1682;"Alka";"Patla";"alka.patla.1182@gmail.com";"+919994179452";"$2b$10$dummyhash00000000000000001182";"2025-07-17 02:23:09"
1683;"Tanay";"Sarin";"tanay.sarin.1183@gmail.com";"+918509753081";"$2b$10$dummyhash00000000000000001183";"2026-05-15 07:32:09"
1684;"Hema";"Bhat";"hema.bhat.1184@gmail.com";"+916600576069";"$2b$10$dummyhash00000000000000001184";"2025-09-14 02:27:09"
1685;"Fariq";"Doctor";"fariq.doctor.1185@gmail.com";"+916684694262";"$2b$10$dummyhash00000000000000001185";"2025-08-06 19:00:09"
1686;"Manbir";"Pradhan";"manbir.pradhan.1186@gmail.com";"+916418580055";"$2b$10$dummyhash00000000000000001186";"2026-07-09 07:25:09"
1687;"Peter";"Tella";"peter.tella.1187@gmail.com";"+917540755745";"$2b$10$dummyhash00000000000000001187";"2025-03-25 06:14:09"
1688;"Ira";"Dhingra";"ira.dhingra.1188@gmail.com";"+918591502170";"$2b$10$dummyhash00000000000000001188";"2026-07-16 08:32:09"
1689;"Nirja";"Jani";"nirja.jani.1189@gmail.com";"+916210748431";"$2b$10$dummyhash00000000000000001189";"2025-08-08 18:17:09"
1690;"Daksh";"Kalita";"daksh.kalita.1190@gmail.com";"+918261794348";"$2b$10$dummyhash00000000000000001190";"2024-11-22 09:15:09"
1691;"Charvi";"Bhat";"charvi.bhat.1191@gmail.com";"+917273977050";"$2b$10$dummyhash00000000000000001191";"2025-04-23 23:27:09"
1692;"Jason";"Sundaram";"jason.sundaram.1192@gmail.com";"+916900515435";"$2b$10$dummyhash00000000000000001192";"2025-03-08 14:09:09"
1693;"Ishaan";"Sawhney";"ishaan.sawhney.1193@gmail.com";"+917915243979";"$2b$10$dummyhash00000000000000001193";"2025-05-07 08:33:09"
1694;"Balvan";"Chad";"balvan.chad.1194@gmail.com";"+917464281362";"$2b$10$dummyhash00000000000000001194";"2026-06-27 16:05:09"
1695;"Upasna";"Sagar";"upasna.sagar.1195@gmail.com";"+917935078490";"$2b$10$dummyhash00000000000000001195";"2024-12-04 06:09:09"
1696;"Onveer";"Dey";"onveer.dey.1196@gmail.com";"+918550785755";"$2b$10$dummyhash00000000000000001196";"2025-03-01 13:14:09"
1697;"Brijesh";"Jha";"brijesh.jha.1197@gmail.com";"+917755544260";"$2b$10$dummyhash00000000000000001197";"2024-12-15 22:36:09"
1698;"Oliver";"Datta";"oliver.datta.1198@gmail.com";"+918183781634";"$2b$10$dummyhash00000000000000001198";"2025-02-07 00:54:09"
1699;"Wahab";"Walla";"wahab.walla.1199@gmail.com";"+919415360567";"$2b$10$dummyhash00000000000000001199";"2024-12-30 11:30:09"
1700;"Idika";"Choudhury";"idika.choudhury.1200@gmail.com";"+917063203641";"$2b$10$dummyhash00000000000000001200";"2026-05-14 17:12:09"
